id,created_at,updated_at,name,image_url,color,latin_name,emotion_1,emotion_2,emotion_3,fact,research,is_featured,safety_information_id,page_number,sort_order,emotion_from,emotion_to,fact Spanish,fact Portuguese,descriptor 1 spanish,descriptor 2 spanish,descriptor 3 spanish,descriptor 1 Portuguese,Descriptor 2 Portuguese,Descriptor 3 Portuguese,Spanish From,Spanish To,Portuguese From,Portuguese To
1,2018-08-16 15:42:32,2019-04-03 12:59:46,White Fir,oils/162de7f1992379a3cc9273366fdf7212.jpeg,F8AD19,Abies alba,Stimulating,Clearing,Calming,Used to decorate homes as Christmas trees. Native Americans used this tree to clear respiratory problems.,,0,2,157,5,Blocked,Receiving,Se utiliza para decorar los hogares como árboles de Navidad. Los nativos americanos utilizaban este árbol para curar los problemas respiratorios.,Usado como árvores de Natal para decorar casas. Os nativos americanos usavam essa árvore para eliminar problemas respiratórios.,Estimulante,Purificante,Calmante,Estimular,Desobstruir,Acalmar,Cerrado,Receptor,bloqueado,receptivo
2,2018-08-16 15:42:32,2019-03-01 12:43:48,Litsea,oils/4b1dcb0486cfa2d57e2a64ec517deb03.jpeg,D35654,Litsea cubeba,Cleansing,Refreshing,Uplifting,"Sweeter than lemongrass and without the musty note, more citrusy in its scent than melissa.",,0,2,124,6,Encumbered,Purified,"Más dulce que el lemongrass y sin el toque rancio, más cítrico en su esencia que la melisa.","Mais doce que o capim-limão e sem a nota azeda, mais cítrico em seu aroma que a melissa.",De limpieza,Refrescante,Motivador,Limpeza,Refrescante,Edificante,Abrumado,Purificado,sobrecarregado,purificado
10,2018-08-28 12:29:43,2019-02-28 13:05:24,Arborvitae,oils/6efaa9a1d8df9dc02fc284ad4cfa7691.jpeg,B5832C,Thuja plicata,Woody,Majestic,Strong,Arborvitae trees can live for over 800 years. It’s no surprise that Arborvitae means 'tree of life.',,0,25,79,7,Overzealous,Composed,"Los árboles arborvitae pueden vivir más de 800 años. No es sorprendente que Arborvitae signifique ""árbol de la vida"".","As árvores Tuia podem viver por mais de 800 anos. Não é surpresa que ""Arborvitae"" signifique 'árvore da vida'.",Leñoso,Majestuoso,Fuerte,Amadeirado,Majestoso,Forte,Excesivo,Sereno,excesso de zelo,composto
11,2018-08-28 12:29:43,2019-03-01 12:13:44,Basil,oils/7caa6636f4537895116371d60a9e346a.jpeg,84C449,Ocimum Basilicum,Regenerating,Uplifting,Stimulating,"One of the most universally applicable oils, basil is from the Greek word meaning “king.” Ancient Greeks believed it opened the gateways to heaven.",,0,18,81,8,Inundated,Relieved,"Uno de los aceites que más se aplican universalmente, la albahaca proviene de la palabra griega que significa ""rey"". Los antiguos griegos creían que abría las puertas al cielo.","Um dos óleos mais universalmente aplicáveis, ""basil"" (manjericão) é da palavra grega que significa ""rei"". Gregos antigos acreditavam que ele abriu as portas para o céu.",Regenerador,Motivador,Estimulante,Regenerar,Edificante,Estimular,Inundado,Aliviado,sobrecarregado,aliviado
12,2018-08-28 12:29:43,2019-03-01 12:14:28,Bergamot,oils/d589397cbdca7774160df1747bea5473.jpeg,C6CF23,Citrus bergamia,Uplifting,Assuring,Restoring,Bergamot was used in the first eau de cologne and is used to flavor Earl Grey tea.,,0,19,83,9,Inadequate,Worthy,La bergamota se utilizó en la primera agua de colonia y se usa para saborizar el té Earl Grey.,Bergamota foi usada na primeira água de colônia e é usada para dar sabor ao chá Earl Grey.,Motivador,Tranquilizador,Restaurador,Edificante,Assegurar,Restaurar,,,,
13,2018-08-28 12:29:43,2019-03-01 12:14:48,Birch,oils/91077a43f7501b3dc706213e44acdc15.jpeg,DE4E4A,Betula lenta,Invigorate,Activate,Soothe,Birch is used to make root beer.,,0,20,84,11,Cowardly,Courageous,El abedul se utiliza para elaborar cerveza de raíz.,Bétula é usada para fazer cerveja de raiz.,Vigorizar,Activar,Aliviar,Revigorar,Ativar,Acalmar,Acobardado,Valiente,covarde,corajoso
14,2018-08-28 12:29:43,2019-03-01 12:15:08,Black Pepper,oils/19513d6199af7a92195c242015f66660.jpeg,CFDB2C,Piper nigrum,Spicy,Warming,Circulating,Black pepper shares a similar chemical structure to melissa essential oil.,,1,25,85,10,Repressed,Honest,La pimienta negra comparte una estructura química similar al aceite esencial de melisa.,A Pimenta preta compartilha uma estrutura química semelhante ao óleo essencial de melissa.,Aromático,Cálido,Circulante,Picante,Reconfortar,Circular,Reprimido,Honesto,reprimido,honesto
15,2018-08-28 12:29:43,2019-03-01 12:15:26,Blue Tansy,oils/7ebae4597fff1ff16e9081259a42679f.jpeg,EBA100,Tanacetum annuum,Eliminating,Relieving,Defending,"Tansy comes from the Greek word ""Athanaton"" meaning immortal.",,0,22,86,12,Overwhelmed,Encouraged,"Tanaceto proviene de la palabra griega ""Athanaton"" que significa inmortal.","""Tansy"" (tanaceto) vem da palavra grega ""Athanaton"", que significa imortal.",Eliminador,Atenuante,Defensor,Eliminar,Aliviar,Defender,Abrumado,Animado,saturado,encorajado
16,2018-08-28 12:29:43,2019-03-01 12:15:48,Cardamom,oils/cb22b7952b73c70c2f44278ed89fa4a6.jpeg,00B6B2,Elettaria cardamom,Invigorate,Relax,Cleansing,"Known as the most expensive cooking spice, cardamom is also a close relative of ginger.",,0,2,87,13,Self-centered,Charitable,"El cardamomo, que se conoce como la especia de cocina más costosa, es también pariente cercano del jengibre.","Conhecido como o tempero de cozinha mais caro, o cardamomo também é um parente próximo do gengibre.",Vigorizar,Relajar,De limpieza,Revigorar,Relaxar,Limpeza,Egocéntrico,Caritativo,egocêntrico,caridoso
17,2018-08-28 12:29:43,2019-03-01 12:16:05,Cassia,oils/e77d289abd5bcd99f1235956f972dc42.jpeg,FC8C1E,Cinnamomum cassia,Spicy,Strong,Warming,Make cinnamon sweet candy water by combining 1 drop cassia and 2 drops grapefruit to water.,,0,24,88,14,Uncertain,Bold,Prepare agua endulzada de canela al combinar 1 gota de casia y 2 gotas de pomelo en el agua.,"Faça água doce de canela, combinando 1 gota de cassia e 2 gotas de toranja em água.",Aromático,Fuerte,Cálido,Picante,Forte,Reconfortar,Indeciso,Audaz,incerto,ousado
20,2018-08-28 12:29:43,2019-04-08 16:15:14,Cilantro,oils/19771d4dc17a222f2bcd300596d62985.jpeg,D4310F,Coriandrum sativum,Fresh,Awakening,Cleansing,"Relatives of parsley, cilantro, and coriander essential oils come from the same plant. Cilantro is extracted from the leaf and coriander from the seed.",,0,2,90,15,Obsessed,Easygoing,"Parientes del perejil, los aceites esenciales de cilantro y coriandro provienen de la misma planta. El cilantro se extrae de la hoja y el coriandro de la semilla.","Parentes da salsa, coentro e coriandro óleos essenciais vêm da mesma planta. Coentro é extraído da folha e coriandro da semente.",Fresco,Revitalizador,De limpieza,Fresco,Despertar,Limpeza,Obsesionado,Expansivo,obcecado,expansivo
22,2018-08-28 12:29:43,2019-03-01 12:17:17,Clary Sage,oils/c09941437c693061d72e58be55665e64.jpeg,C569AD,Salvia sclarea,Balancing,Musky,Feminine,"Clary sage is derived from latin meaning ""clear eyes. "" medieval monks favored it for eye troubles.",,0,27,92,16,Limited,Enlightened,"Amaro deriva del latín y significa ""ojos claros"". Los monjes medievales lo usaban para los problemas en los ojos.","""Clary sage"" (sálvia esclareia) é derivado do latim que significa ""olhos claros"". "" monges medievais preferiam isso para problemas oculares.",Equilibrante,Almizclado,Femenino,Equilibrar,Almiscarado,Feminino,Limitado,Preparado,limitado,esclarecido
24,2018-08-28 12:29:43,2019-03-01 12:21:46,Clove,oils/6a02c5e7f03e2ae533c8761c4bb11acd.jpeg,32AD72,Eugenia caryophyllata,Warm,Spicy,Protective,"Clove is a powerful antioxidant. As a dried spice, it measures 300,000 on the ORAC scale and as an essential oil, measures over 1 million.",,0,28,93,17,Dominated,Supported,"El clavo de olor es un poderoso antioxidante. Como especia deshidratada, mide 300 000 en la escala que mide la capacidad de absorción de radicales de oxígeno (oxygen radical absorbance capacity, ORAC) y como aceite esencial, mide más de 1 millón.","Cravo é um poderoso antioxidante. Como tempero seco, mede 300.000 na escala ORAC e, como um óleo essencial, mede mais de 1 milhão.",Cálido,Aromático,Protector,Quente,Picante,Protetor,Dominado,Apoyado,dominado,auxiliado
25,2018-08-28 12:29:43,2019-04-02 14:14:04,Copaiba,oils/6b495145988186ce3d1dd0cbe07e6d11.jpeg,F87034,Copaifera offincinalis,Commanding,Comforting,Magnifying,Extracted from mature trees between 30-50 years in age and considered one of the most anti-inflammatory substances on earth.,,0,106,95,18,Plagued,Directed,Extraído de árboles maduros de entre 30 a 50 años de edad y considerado una de las sustancias con mayores capacidades antiinflamatorias de la tierra.,Extraído de árvores maduras entre 30 e 50 anos de idade e considerado uma das substâncias mais anti-inflamatórias do planeta.,Dominante,Reconfortante,Magnificador,Controlar,Confortar,Ampliar,,,,
26,2018-08-28 12:29:43,2019-03-01 12:28:51,Coriander,oils/efeec0fa40b6dc41f9e1db853c7a8e2a.jpeg,A7D324,Coriandrum sativum,Calming,Green,Stimulating,Coriander comes from the seeds of the cilantro herb; cilantro is from the leaf of the same plant.,,0,2,97,19,Apprehensive,Participating,El coriandro proviene de las semillas de la hierba cilantro; el cilantro proviene de la hoja de la misma planta.,O coriandro vem das sementes da erva de coentro; o coentro é da folha da mesma planta.,Calmante,Verde,Estimulante,Acalmar,Verde,Estimular,Aprensivo,Participante,apreensivo,participante
27,2018-08-28 12:29:43,2019-03-01 12:29:37,Cypress,oils/c7af514be362e69aae635d13ca05d665.jpeg,DA5351,Cupressus sempervirens,Lively,Clean,Energizing,"The Ancient Greeks loved cypress so much they dedicated it to one of their Gods, Pluto.",,0,32,99,20,Stalled,Progressing,"Los antiguos griegos adoraban tanto al ciprés que se lo dedicaron a uno de sus Dioses, Pluto.","Os antigos gregos amavam tanto o cipreste que o dedicaram a um dos seus deuses, Plutão.",Animado,Limpio,Energizante,Animado,Limpar,Energizante,Estancado,Progresivo,estagnado,progredindo
28,2018-08-28 12:29:43,2019-03-01 12:30:50,Dill,oils/4047e3ce3e52d457d137fb96417a6def.jpeg,CE2505,Anethum graveolens,Detoxifying,Disinfecting,Cleansing,Used extensively in soft drinks and alcoholic beverages.,,0,2,101,21,Avoiding,Intentional,Se utiliza ampliamente en refrescos y bebidas alcohólicas.,Usado amplamente em refrigerantes e bebidas alcoólicas.,Desintoxicante,Desinfectante,De limpieza,Desintoxicar,Desinfetar,Limpeza,Evitable,Voluntario,esquivo,intencional
29,2018-08-28 12:29:43,2019-03-01 12:31:04,Douglas Fir,oils/2085e5b99859b8a2c88436fa61ecb744.jpeg,568D72,Pseudotsuga menziesii,Cleansing,Promoting,Grounding,"Considered to be the classic Christmas tree, the Douglas fir tree was used by Native Americans in the Pacific Northwest to heal a wide variety of ailments.",,0,32,102,22,Upset,Renewed,"Se considera el árbol clásico de Navidad, el abeto Douglas fue utilizado por nativos americanos en el noroeste del Pacífico para curar una amplia variedad de enfermedades.","Considerada a clássica árvore de Natal, a árvore Abeto de Douglas foi usada pelos nativos americanos no noroeste do Pacífico para curar uma grande variedade de doenças.",De limpieza,Promotor,Estabilizador,Limpeza,Estimular,Aterramento,Molesto,Renovado,indisposto,renovado
30,2018-08-28 12:29:43,2019-03-01 12:31:50,Eucalyptus,oils/124affdf821c1ad426261a5074d38fe1.jpeg,9256A8,Eucalyptus radiata,Enlivening,Fresh,Clearing,Eucalyptus was widely used in World War 1 to control infections and influenza.,,0,33,103,23,Congested,Stimulated,El eucalipto se usó ampliamente en la Primera Guerra Mundial para controlar infecciones y la gripe.,O Eucalipto foi amplamente utilizado na Primeira Guerra Mundial para controlar infecções e influenza.,Vivificante,Fresco,Purificante,Animar,Fresco,Desobstruir,Congestionado,Estimulado,congestionado,estimulado
31,2018-08-28 12:29:43,2019-03-01 12:32:19,Fennel,oils/a8178e5c02db4b9afb0727b954603bf3.jpeg,D85664,Foeniculum vulgare,Strong,Purifying,Supporting,Ancient Roman warriors used fennel because it was believed it gave them strength during battle.,,0,34,105,24,Unproductive,Flourishing,Los guerreros del antiguo asentamiento romano utilizaban hinojo porque se pensaba que les daba fortaleza durante las batallas.,Os guerreiros romanos antigos usavam erva-doce porque acreditavam que isso lhes dava força durante a batalha.,Fuerte,Purificante,De refuerzo,Forte,Purificar,Apoiar,Improductivo,Exitoso,improdutivo,próspero
32,2018-08-28 12:29:43,2019-03-01 12:32:38,Frankincense,oils/cd06266d787e9960af88a7a7518d5034.jpeg,4DB2A2,Boswellia frereana,Royal,Resin,Woody,"Nearly all ancient religions have used frankincense in their spiritual practices including ancient Egyptians, Greeks, Romans, Christians, Jews, Muslims, Hindus, and Buddhists.",,0,2,107,25,Separated,Unified,"Casi todas las antiguas religiones han usado incienso en sus prácticas espirituales, incluso los antiguos egipcios, griegos, romanos, cristianos, judíos, musulmanes, hindúes y budistas.","Quase todas as religiões antigas usaram o olíbano em suas práticas espirituais, incluindo antigos egípcios, gregos, romanos, cristãos, judeus, muçulmanos, hindus e budistas.",Real,Resina,Leñoso,Régio,Resina,Amadeirado,Aislado,Unido,separado,unificado
33,2018-08-28 12:29:43,2019-03-01 12:32:56,Geranium,oils/9634a970609ff6b238b1655a430fd895.jpeg,BAC220,Pelargonium graveolens,Strengthening,Releasing,Stabilizing,"A powerful floral oil often referred to as the “poor man’s rose. ” if you don’t have rose, reach for geranium!",,0,25,108,26,Neglected,Mended,"Un poderoso aceite floral, que en general se denomina la ""rosa de los pobres"". Si no tiene una rosa, ¡busque un geranio!","Um poderoso óleo floral, muitas vezes chamado de ""rosa do pobre"". Se você não tiver rosa, pegue o gerânio!",Fortalecedor,Liberador,Estabilizador,Fortalecer,Liberar,Estabilizar,Rechazado,Reparado,negligenciado,reparado
34,2018-08-28 12:29:43,2019-03-01 12:33:14,Ginger,oils/bda5faa23904c26101bc9593c95c5701.jpeg,EB8622,Zingiber officinale,Warming,Accelerating,Stimulating,Ginger has been used as a medicinal herb for centuries.,,0,25,109,27,Apathetic,Activated,Se ha utilizado el jengibre como una hierba medicinal por siglos.,O gengibre é usado como erva medicinal há séculos.,Cálido,Acelerando,Estimulante,Reconfortar,Acelerar,Estimular,Apático,Activo,apático,ativado
35,2018-08-28 12:29:43,2019-03-01 12:33:29,Grapefruit,oils/eb22e1b29c6495483479d4839a7fd2e2.jpeg,A00E20,Citrus X paradisi,Citrus,Detoxifying,Fresh,Some prescription drugs contain a warning against grapefruit. The essential oil has different chemical composition than the fruit.,,0,37,111,28,Rejected,Validated,Algunos fármacos con receta contienen una advertencia contra el pomelo. El aceite esencial tiene una composición química diferente en comparación con la fruta.,Alguns medicamentos prescritos contêm uma advertência contra a toranja. O óleo essencial tem composição química diferente da fruta.,Cítrico,Desintoxicante,Fresco,Cítricos,Desintoxicar,Fresco,,,,
36,2018-08-28 12:29:43,2019-03-01 12:37:56,Helichrysum,oils/6f41c24e4e239832a13011af66c280e0.jpeg,B05B16,Helichrysum italicum,Healing,Fusing,Regenerating,This precious oil is often hand-picked on the island of Corsica and used as “liquid stitches. ”,,0,2,113,29,Wounded,Reassured,"Este valioso aceite, en general, se cosecha a mano en la isla de Córcega y se usa como ""puntos líquidos"".","Este óleo precioso é frequentemente escolhido a dedo na ilha de Córsega e usado como ""pontos líquidos"".",Cicatrizante,Fundible,Regenerador,Curar,Fusão,Regenerar,Lastimado,Liberado,magoado,libertado
37,2018-08-28 12:29:43,2019-03-01 12:38:18,Jasmine,oils/37fde0370dd2ae8758f55d89c7c7cc22.jpeg,DE4959,Jasminum grandiflora,Euphoria,Splendor,Joy,"In India, jasmine is known as “queen of the night” because it typically blossoms in the night.",,0,2,114,0,Hampered,Liberated,"En India, se conoce al jazmín como la ""reina de la noche"" porque, en general, florece de noche.","Na Índia, o jasmim é conhecido como ""rainha da noite"" porque geralmente floresce à noite.",Euforia,Esplendor,Alegría,Euforia,Esplendor,Alegria,Obstaculizado,Liberado,inibido,libertado
38,2018-08-28 12:29:43,2019-03-01 12:38:41,Juniper Berry,oils/e2ee19c18e3c02e476fee133a3f4936d.jpeg,CCD731,Juniperus communis,Detoxifying,Revitalizing,Toning,"A favorite oil for its fragrance, juniper berries are also used for making gin.",,0,2,115,0,Denying,Insightful,"Un aceite favorito por su fragancia, las bayas de enebro también se utilizan para elaborar gin.","Um óleo favorito por sua fragrância, as bagas de zimbro também são usadas para fazer gin.",Desintoxicante,Revitalizador,Tonificante,Desintoxicar,Revitalizar,Tonificar,Negar,ser Perspicaz,negação,perspicácia
39,2018-08-28 12:29:43,2019-03-01 12:39:21,Lavender,oils/1a773ba05cc9a3c2e043aa38e3f25ca3.jpeg,9F67B4,Lavandula angustifolia,Calming,Regenerating,Healing,"Lavender means ""to wash"" in Latin. It is likely the most used essential oil globally, and for good reason, as it serves in all things calming!",,0,2,119,0,Unheard,Expressed,"Lavanda significa ""lavar"" en Latín. Probablemente, es el aceite esencial más utilizado en el mundo, y por una buena razón, ¡funciona como tranquilizante!","""Lavender"" (lavanda) significa ""lavar"" em latim. É provavelmente o óleo essencial mais utilizado em nível mundial e por boas razões, pois serve em todas as coisas calmantes!",Calmante,Regenerador,Cicatrizante,Acalmar,Regenerar,Curar,Inaudito,Expresivo,não ouvido,expressado
40,2018-08-28 12:29:43,2019-03-01 12:39:39,Lemon,oils/9c5cc7fe51b220f9e6e1ad62c2a4c5fa.jpeg,DC4A1E,Citrus limon,Uplifting,Invigorating,Refreshing,It takes approximately 45 lemons to produce a 15 ml bottle of lemon essential oil.,,0,37,121,0,Mindless,Energized,"Se necesitan, aproximadamente, 45 limones para producir una botella de 15 ml de aceite esencial de limón.",São necessários aproximadamente 45 limões sicilianos para produzir um frasco de 15 ml de óleo essencial de limão siciliano.,Motivador,Vigorizante,Refrescante,Edificante,Revigorante,Refrescante,Distraído,Energizado,descuidado,energizado
41,2018-08-28 12:29:43,2019-03-01 12:43:08,Lemongrass,oils/486da071794992237ecf08b24d792d59.jpeg,F5AC0F,Cymbopogon flexuous,Electrifying,Regenerating,Purifying,Lemongrass essential oil is used in the pharmaceutical industry for the synthesis of vitamin A.,,0,25,122,0,Obstructed,Flowing,Se usa el aceite esencial de lemongrass en la industria farmacéutica para la síntesis de la vitamina A.,Óleo essencial de capim-limão é usado na indústria farmacêutica para a síntese de vitamina A.,Electrificante,Regenerador,Purificante,Eletrizante,Regenerar,Purificar,Obstruido,Suelto,obstruído,fluido
42,2018-08-28 12:29:43,2019-03-01 12:43:23,Lime,oils/09406ef4d510d3e52e43e16f6af68e2b.jpeg,A3D218,Citrus Aurantifolia,Renewing,Energizing,Purifying,A popular oil in perfumery for men. In times past British sailors drank lime juice to prevent scurvy.,,0,37,123,0,Faint,Enlivened,"Un aceite popular en la perfumería para hombres. En el pasado, los marineros británicos tomaban jugo de limón para prevenir el escorbuto.","Um óleo popular em perfumaria para homens. Em tempos passados, os marinheiros britânicos bebiam suco de limão para evitar o escorbuto.",Renovador,Energizante,Purificante,Renovar,Energizante,Purificar,Débil,Animado,fatigado,aliviado
43,2018-08-28 12:29:43,2019-04-03 12:48:44,Magnolia,oils/526342c630e7f15a4e987e88b83c5533.jpeg,6FD4C5,Michelia X alba,Opening,Resplendent,Heavenly,"Fossilized magnolia genus is over 20 million years old, a time prior to the presence of bees, and was pollinated by beetles. Harvested at night when blooms are most fragrant, magnolia was traditionally used in ceremonies to enhance confidence and well-being.",,1,1,125,0,Disturbed,Confident,"El género de especies fosilizadas de magnolia tiene más de 20 millones de años, un tiempo antes de la presencia de abejas y se polinizó por los escarabajos. La magnolia, que se cosecha por la noche cuando las flores tienen más fragancia, tradicionalmente se utilizaba en ceremonias para mejorar el autoestima y el bienestar.","O gênero de magnólia fossilizado tem mais de 20 milhões de anos, um tempo anterior à presença das abelhas, e foi polinizado por besouros. Colhida à noite, quando as flores são mais perfumadas, a magnólia era tradicionalmente usada em cerimônias para aumentar a confiança e o bem-estar.",Inicial,Resplandeciente,Celestial,Abrir,Resplandecente,Celestial,Perturbado,Seguro de sí mismo,perturbado,confiante
44,2018-08-28 12:29:43,2019-04-03 12:50:43,Marjoram,oils/b6a7f09694d961394f56ddc57197fedd.jpeg,D84151,Origanum marjorana,Relaxing,Connecting,Pleasing,"Also known as “joy of the mountains”, marjoram symbolized happiness to the ancient Greeks and Romans.",,0,27,127,0,Doubtful,Trusting,"También conocida como la ""alegría de las montañas"", la majorana simbolizaba la felicidad para los antiguos griegos y romanos.","Também conhecida como ""alegria das montanhas"", a manjerona simbolizava felicidade para os antigos gregos e romanos.",Relajante,De conexión,Agradable,Relaxante,Conectar,Prazeroso,Dudoso,Dudoso,duvidoso,confiante
45,2018-08-28 12:29:43,2019-04-03 12:50:59,Melaleuca,oils/a868c7c10d7a0aa4d1203b07ebeba9c7.jpeg,99091B,Melaleuca alternifolia,Powerful,Cleansing,Resolving,"With 12 times the antiseptic power of a phenol, Australian Aborigines have used ""tea tree"" for centuries, often crushing leaves in their hands and inhaling the aroma for colds and illnesses.",,0,2,129,0,Unsure,Collected,"Con 12 veces el poder antiséptico de un fenol, los aborígenes australianos han usado el ""árbol del té"" por siglos, a menudo triturando las hojas en sus manos e inhalando el aroma para resfriados y enfermedades.","Com 12 vezes o poder antisséptico de um fenol, os aborígines australianos usaram a ""árvore do chá"" durante séculos, muitas vezes esmagando folhas nas mãos e inalando o aroma para resfriados e doenças.",Poderoso,De limpieza,Remediador,Poderoso,Limpeza,Resolução,Inseguro,Compuesto,incerto,recolhido
46,2018-08-28 12:29:43,2019-04-03 12:51:17,Melissa,oils/329681c50f139d96275d165f6318e291.jpeg,BDC615,Melissa officinalis,Awakening,Authentic,Restorative,"Also known as ""lemon balm. "" to make this precious oil it requires 66 lbs/30 kgs of plant matter in order to fill one 5ml bottle.",,0,2,130,0,Depressed,Light-filled,"También se conoce como ""bálsamo de limón"". Para hacer este valioso aceite se necesitan 60 lb/30 kg de la materia de la planta para llenar una botella de 5 ml.","Também conhecido como ""erva-cidreira. ""Para fazer este óleo precioso, são necessários 66 lbs/30 kgs de matéria vegetal para encher um frasco de 5ml.",Revitalizador,Auténtico,Restaurativo,Despertar,Autêntico,Restaurador,Deprimido,Lleno de luz,deprimido,iluminado
48,2018-08-28 12:29:43,2019-04-03 12:51:38,Myrrh,oils/5c1590b73aa8e6ef577c6f8eed070c60.jpeg,03B3AF,Commiphora myrrh,Drying,Healing,Nurturing,Myrrh means “bitter” and was referred to in the bible as the balm of Gilead. It was given as a gift to the Christ child and also presented at His death to be used prior to burial.,,0,2,131,0,Disconnected,Nurtured,"Mirra significa """"bitterâ€ y en la Biblia se hace referencia como el bálsamo de Gilead. Se entregó como obsequio al niño Jesús y también estuvo presente en su muerte para usarse antes de la sepultura.","Mirra significa ""amargo"" e foi referido na Bíblia como o bálsamo de Gileade. Foi dado como um presente para o menino Jesus e também apresentado em Sua morte para ser usado antes do enterro.",Secador,Cicatrizante,Crianza,Secativo,Curar,Nutrir,Desconectado,Querido,desconectado,estimulado
49,2018-08-28 12:29:43,2019-04-03 12:51:56,Neroli,oils/67b24add6136cc7f31d58a5a8ddd47b1.jpeg,F08A25,Citrus aurantium,Arousing,Rejuvenating,Tranquilizing,1 ton of blossoms is needed to produce 1 kg of neroli oil. This historically desired fragrance can be heavily diluted and remain highly effective.,,0,25,133,0,Afflicted,Released,Se necesita 1 tonelada de flores para producir 1 kg de aceite de flores de naranjo. Esta fragancia históricamente deseada puede diluirse abundantemente y seguir siendo altamente eficaz.,1 tonelada de flores é necessária para produzir 1 kg de óleo de néroli. Esta fragrância historicamente desejada pode ser fortemente diluída e permanecer altamente eficaz.,Excitante,Rejuvenecedor,Tranquilizante,Despertar,Rejuvenescer,Tranquilizar,Afligido,Liberado,aflito,libertado
50,2018-08-28 12:29:43,2019-04-03 12:53:31,Oregano,oils/24867e523c7a7dd6ff2d1193b323b435.jpeg,4EB3A4,Origanum vulgare,Strong,Resolving,Powerful,This powerful and potent essential oil packs a punch. It is helpful against antibiotic-resistant bacteria.,,0,28,134,0,Obstinate,Unattached,Este poderoso y potente aceite esencial es sumamente potente. Es útil contra las bacterias resistentes a antibióticos.,Este poderoso e potente óleo essencial é um sucesso. É útil contra bactérias resistentes a antibióticos.,Fuerte,Remediador,Poderoso,Forte,Resolução,Poderoso,Obstinado,Libre,obstinado,desapegado
51,2018-08-28 12:29:43,2019-04-03 12:53:46,Patchouli,oils/6ef5094694a6cb5e047e4d4be02b2c6b.jpeg,BAC316,Pogostemon cablin,Calming,Recovering,Stabilizing,Patchouli has a long history in the perfume trade but became famous from the 1960's hippie movement.,,0,2,135,0,Degraded,Enhanced,El pachuli tiene una larga historia en el comercio del perfume pero se volvió famoso en los años 60 con el movimiento hippie.,"O Patchouli tem uma longa história no comércio de perfumes, mas tornou-se famoso a partir do movimento hippie dos anos 60.",Calmante,Recuperador,Estabilizador,Acalmar,Recuperar,Estabilizar,Degradado,Fortalecido,degradado,aprimorado
52,2018-08-28 12:29:43,2019-04-03 12:54:11,Peppermint,oils/4020a3117580dc1caafba6cc0e556f9c.jpeg,D12A06,Menta piperita,Adaptive,Invigorating,Cooling,"Peppermint, with its stimulant qualities, and lavender, with its sedative qualities, make a great combination.",,0,49,137,0,Hindered,Invigorated,"La hierbabuena, con sus cualidades estimulantes,  y la lavanda, con sus cualidades sedativas, son una gran combinación.","Hortelã-pimenta, com suas qualidades estimulantes, e lavanda, com suas qualidades sedativas, formam uma ótima combinação.",Adaptable,Vigorizante,Refrescante,Adaptável,Revigorante,Resfriar,Obstruido,Vigorizado,entravado,revigorado
53,2018-08-28 12:29:43,2019-04-03 12:54:32,Petitgrain,oils/2ba96f5d35e063cb08beb35fa4725691.jpeg,00B4AF,Citrus aurantium,Uplifting,Invigorating,Refreshing,Petitgrain has a long history of use for cleaning and immune support.,,0,25,139,0,Conflicted,Harmonized,Petitgrain tiene una larga historia de uso en actividades de limpieza y de refuerzo del sistema inmunitario.,O Petitgrain tem uma longa história de uso para limpeza e suporte imunológico.,Motivador,Vigorizante,Refrescante,Edificante,Revigorante,Refrescante,En conflicto,Armonizado,,
54,2018-08-28 12:29:43,2019-04-03 12:54:50,Pink Pepper,oils/5c02fad6cf23cc1cc88d8c010427e021.jpeg,CA3747,Schinus molle,Eliminating,Clarifying,Enlivening,"This powerhouse faux pepper (or fake, because it's not hot) potentizes a number of other essential oils in highly complementary ways.",,1,49,140,0,Impeded,Aroused,"Esta poderosa falsa pimienta (o de imitación, porque no es picante) potencia una cantidad de otros aceites esenciales de formas altamente complementarias.","Esta poderosa pimenta falsa (ou imitação, porque não é quente) potencia uma série de outros óleos essenciais de maneiras altamente complementares.",Eliminador,Purificador,Vivificante,Eliminar,Esclarecer,Animar,Impedido,Estimulado,,
55,2018-08-28 12:29:43,2019-04-03 12:55:53,Roman Chamomile,oils/f3309bfb8471b39eb62c33b739897d85.jpeg,FF8B1B,Anthemis nobilis,Bright,Calming,Sweet,Ancient Romans used Roman chamomile before battle to empower them with courage and clear minds.,,0,2,143,0,Frustrated,Purposeful,Los antiguos romanos utilizaban manzanilla romana antes de una batalla para empoderarse con coraje y limpiar sus mentes.,Os romanos antigos usavam a camomila romana antes da batalha para fortalecê-los com coragem e mente clara.,Brillante,Calmante,Dulce,Brilhante,Acalmar,Doce,Frustrado,Determinado,,
56,2018-08-28 12:29:43,2019-04-03 12:56:20,Rosemary,oils/3b00ae40f5694e28e7037a149e7840b6.jpeg,8E57A2,Rosmarinus officinalis,Refreshing,Cooling,Clearing,"In ancient times, rosemary was a favorite oil to drive away evil spirits.",,0,55,145,0,Confused,Open-minded,"En los tiempos remotos, el romero fue el aceite favorito para alejar los espíritus malos.","Nos tempos antigos, o alecrim era o óleo favorito para afastar os maus espíritos.",Refrescante,Refrescante,Purificante,Refrescante,Resfriar,Desobstruir,Confundido,Abierto,,
57,2018-08-28 12:29:43,2019-04-03 12:57:19,Sandalwood,oils/df9ba46725ac8b928917de7647e20934.jpeg,DA5161,Santalum album,Calming,Sweet,Woody,Sandalwood has been used for various spiritual and religious uses. Today Hindus still use it to anoint the temple floor and walls to enhance spiritual ambiance.,,0,2,147,0,Uninspired,Devoted,"El sándalo se ha empleado para diferentes usos espirituales y religiosos. Hoy en día, los hindúes todavía lo usan para ungir el piso y las paredes de los templos para mejorar la atmósfera espiritual.","O sândalo tem sido usado para vários usos espirituais e religiosos. Hoje, os hindus ainda a usam para ungir o piso e as paredes do templo para melhorar o ambiente espiritual.",Calmante,Dulce,Leñoso,Acalmar,Doce,Amadeirado,Sin inspiración,Dedicado,,
58,2018-08-28 12:29:43,2019-04-03 12:57:33,Siberian Fir,oils/a00a737d7bd771b0d3f65e1bf22e27bc.jpeg,40B09F,Abies sibirica,Affirming,Vitalizing,Connecting,Siberian fir is believed to have the finest scent of all the firs.,,0,105,149,0,Excluded,Empowered,Se cree que el abeto siberiano tiene el aroma más puro de todos los abetos.,Acredita-se que o abeto siberiano tenha o melhor aroma de todos os abetos.,Afirmante,Vitalizante,De conexión,Afirmativo,Vitalizar,Conectar,Excluido,Empoderado,,
59,2018-08-28 12:29:43,2019-04-03 12:57:58,Spearmint,oils/c959583a4a2f7583eb8d02cda898c373.jpeg,00B6B2,Mentha spicata,Relieving,Uplifting,Promoting,"A common flavor for toothpaste and candy, the ancient Greeks enjoyed bathing with spearmint.",,0,2,150,0,Weary,Refreshed,"Los antiguos griegos disfrutaban de bañarse con menta, un sabor común para cremas dentales y dulces.","Um sabor comum para creme dental e doces, os antigos gregos gostavam de tomar banho com hortelã.",Atenuante,Motivador,Promotor,Aliviar,Edificante,Estimular,Fatigado,Restaurado,,
60,2018-08-28 12:29:43,2019-04-03 12:58:15,Spikenard,oils/c8d2bf3fe35c0fdc9ba132f552db2745.jpeg,C92B0E,Nardostachys jatamansi,Healing,Rejuvenating,Uplifting,"Spikenard, one of the Romans' favorite perfumes, is featured in the bible several times.",,0,2,151,0,Agitated,Tranquil,"La nuez moscada, uno de los perfumes favoritos de los romanos, se presenta en la Biblia varias veces.","O nardo, um dos perfumes favoritos dos romanos, é apresentado várias vezes na bíblia.",Cicatrizante,Rejuvenecedor,Motivador,Curar,Rejuvenescer,Edificante,Afligido,Tranquilo,,
61,2018-08-28 12:29:43,2019-04-03 12:58:31,Tangerine,oils/e8c2c6fd66a93200707c0fdb416d7df4.jpeg,ED5C02,Citrus reticulata,Calming,Clearing,Uplifting,"Tangerine has been used for over 3,000 years and remains valuable in integrative medicine.",,0,15,152,0,Oppressed,Restored,La tangerina se ha utilizado por más de 3000 años y sigue siendo valiosa en la medicina integrativa.,A tangerina é usada há mais de 3.000 anos e continua valiosa na medicina integrativa.,Calmante,Purificante,Motivador,Acalmar,Desobstruir,Edificante,Oprimido,Restaurado,,
62,2018-08-28 12:29:43,2019-04-03 12:58:48,Thyme,oils/0ad350d97e91eb4ed0ada004a2b7a30f.jpeg,E3E507,Thymus vulgaris,Resolving,Powerful,Expelling,"Thyme means ""to fumigate"" in Greek, and is one of the most potent antioxidant essential oils.",,0,55,153,0,Unyielding,Yielding,"Tomillo significa ""fumigar"" en griego, y es uno de los aceites esenciales antioxidantes más potentes.","""Thyme"" (tomilho) significa ""perfumar"" em grego, e é um dos óleos essenciais antioxidantes mais potentes.",Remediador,Poderoso,Expulsar,Resolução,Poderoso,Expulsar,Inflexible,Flexible,,
63,2018-08-28 12:29:43,2019-04-03 12:59:17,Turmeric,oils/3ff9203cb065c3a7cd96a420646c6fe7.jpeg,F99101,Curcuma longa,Compelling,Certain,Dynamic,"Turmeric, or “sacred earth” in Latin, is renowned for a myriad of profound properties, including its powerful action against cancer and inflammation. On an energetic level, it cleanses chakras and energy fields and promotes feelings of prosperity.",,1,104,155,5,Comprimised,Assured,"La cúrcuma, o ""tierra sagrada"" en Latín, es reconocida por una infinidad de propiedades significativas, que incluyen su acción poderosa contra el cáncer y la inflamación. En un nivel energético, limpia chacras y campos de energía y promueve la sensación de prosperidad.","""Turmeric"" (açafrão), ou ""terra sagrada"" em latim, é conhecido por uma infinidade de propriedades intensas, incluindo a sua poderosa ação contra o câncer e inflamação. Em um nível energético, limpa os chakras e os campos de energia e promove sentimentos de prosperidade.",Apremiante,Específico,Dinámico,Convincente,Certo,Dinâmino,Comprometido,Seguro,,
64,2018-08-28 12:29:43,2019-04-03 12:59:29,Vetiver,oils/59e37f8ad3894cd2b3b037a7a74599fe.jpeg,B452A5,Vetiveria zizanioides,Regenerating,Reassuring,Enduring,"Vetiver is a natural tranquilizer, and in Ayurvedic medicine is known as the oil of “tranquility. ”",,0,2,156,6,Ungrounded,Rooted,"Vetiver es un tranquilizante natural, y en la medicina Ayurveda se conoce como el aceite de la ""tranquilidad"".","Vetiver é um tranquilizante natural, e na medicina ayurvédica é conhecido como o óleo da ""tranquilidade"".",Regenerador,Reafirmante,Duradero,Regenerar,Tranquilizante,Duradouro,Descentrado,Centrado,,
65,2018-08-28 12:29:43,2019-04-03 13:00:01,Wild Orange,oils/126eb8fdb7a6ed263ed4a2534a4915f0.jpeg,00B6B2,Citrus sinensis,Uplifting,Invigorating,Renewing,The Chinese first recognized the value of the peel of an orange for treating coughs and colds.,,0,37,158,7,Drained,Productive,Los chinos por primera vez reconocieron el valor de la cáscara de la naranja para tratar la tos y los resfriados.,Os chineses reconheceram pela primeira vez o valor da casca de uma laranja no tratamento de tosses e resfriados.,Motivador,Vigorizante,Renovador,Edificante,Revigorante,Renovar,Agotado,Productivo,,
66,2018-08-28 12:29:43,2019-04-03 13:00:16,Wintergreen,oils/c3619bf5fabe750d7c41f5b9bee421ca.jpeg,F37800,Gaultheria fragrantissima,Warming,Relieving,Repairing,"A naturally occurring compound found in wintergreen, “methyl salicylate” is related to the chemical that makes aspirin.",,0,25,159,8,Stubborn,Accepting,"Un compuesto de origen natural que se encuentra en la menta fresca, ""metil salicilato"" está relacionado con la sustancia química que compone la aspirina.","Um composto natural encontrado na gualtéria, o ""salicilato de metila"" está relacionado à substância química que produz a aspirina.",Cálido,Atenuante,Reparador,Reconfortar,Aliviar,Reparar,Difícil,Comprensivo,,
67,2018-08-28 12:29:43,2019-04-03 13:00:31,Yarrow,oils/83ac076f2d90c2c6d4cbdda977d86bb4.jpeg,D32500,Achillea millefolium,Purging,Relieving,Mending,"In ancient Greece, Achilles was said to use yarrow to ease a painful Achilles tendon.",,0,59,160,9,Invaded,Shielded,"En la antigua Grecia, se dijo que Aquiles usaba milenrama para calmar un tendón de Aquiles dolorido.","Na Grécia antiga, dizia-se que Aquiles usava yarrow para aliviar um doloroso tendão de Aquiles.",Purga,Atenuante,Reparador,Purgar,Aliviar,Reparar,Invadido,Protegido,,
68,2018-08-28 12:29:43,2019-04-03 13:00:46,Ylang Ylang,oils/47d17d57fa0602409efbb49c2647aa7c.jpeg,C8C814,Cananga Odorata,Calming,Floral,Soothing,"In Java, ylang ylang flowers adorn the newlyweds’ bed and are often used as an aphrodisiac.",,0,2,161,11,Burdened,Exuberent,"En Java, las flores ""ylang-ylang"" adornan los lechos de los recién casados y, por lo general, se usan como afrodisíaco.","Em Java, as flores de ylang ylang adornam a cama dos recém-casados e são frequentemente usadas como afrodisíaco.",Calmante,Floral,Calmante,Acalmar,Floral,Calmante,Agobiado,Exuberante,,
70,2018-08-30 19:41:54,2019-03-01 12:16:21,Cedarwood,oils/7e710a2e5207707256ddc68731803cfd.jpeg,9B5EB1,Juniperus virginiana,Connecting,Strong,Deep,Used by Native Americans for over 400 years to treat colds and fevers.,NULL,0,25,89,12,Alone,Connected,Los nativos americanos la utilizaron por más de 400 años para tratar resfriados y fiebre.,Usado por nativos americanos há mais de 400 anos para tratar resfriados e febres.,De conexión,Fuerte,Profundo,Conectar,Forte,Profundo,Solo,Conectado,,
71,2018-08-30 19:46:20,2019-03-01 12:16:54,Cinnamon,oils/be44114171e1eb789fb0f520c815900a.jpeg,E8926E,Cinnamomum zeylanicum,Protecting,Spicy,Awakening,"Used in biblical times and by the ancient Egyptians, cinnamon was often traded, but its origin was a closely guarded secret.",NULL,0,25,91,10,Denied,Receptive,"La canela, utilizada en los tiempos bíblicos y por los antiguos egipcios, en general se intercambiaba, pero su origen se mantuvo en absoluto secreto.","Usada nos tempos bíblicos e pelos antigos egípcios, a canela era frequentemente comercializada, mas sua origem era um segredo bem guardado.",Protector,Aromático,Revitalizador,Proteger,Picante,Despertar,Rechazado,Receptivo,,
72,2018-08-30 19:49:31,2019-04-03 12:50:19,Manuka,oils/aafdc3163e448db1a9843c99bc1ba8b1.jpeg,9054A6,Leptospermum scoparium,Supporting,Transforming,Harmonizing,The Maori people use all parts of this plant as part of their natural medicine.,NULL,0,2,126,13,Bothered,Revived,Los maoríes usan todas las partes de esta planta como parte de su medicina natural.,O povo Maori usa todas as partes desta planta como parte de sua medicina natural.,De refuerzo,Transformador,Armonizador,Apoiar,Transformar,Harmonizar,Molestado,Revivido,,
73,2018-08-30 20:08:34,2019-03-01 12:33:45,Green Mandarin,oils/6443a053bb090e12570e8a30b3f696e5.jpeg,9FC728,Citrus nobilis,Composing,Reclaiming,Resolving,"The fruit was offered to rulers in China as a show of respect, representing abundance and happiness during Chinese New Year celebrations.",NULL,1,37,112,14,Distressed,Carefree,"La fruta se ofreció a los gobernantes en China como una muestra de respeto, representando abundancia y felicidad durante las celebraciones del Nuevo Año Chino.","A fruta foi oferecida aos governantes na China como uma demonstração de respeito, representando a abundância e a felicidade durante as celebrações do Ano Novo Chinês.",Compuesto,Restaurador,Remediador,Compor,Corrigir,Resolução,Afligido,Tranquilo,,
74,2018-08-30 20:17:13,2019-03-01 12:39:02,Kumquat,oils/a108fb774a60b03eb10f276ca6dc1868.jpeg,E6801C,Fortunella japonica,Self-affirming,Sweet,Fulfilling,"Depending on the harvesting conditions, kumquat essential oil is anywhere from 70%-95% limonene, but of its other 105 known constituents, 46 have not been found in any other essential oil. The kumquat peel is sweet and flesh bitter, the reverse of most citrus fruits.",NULL,1,19,117,15,Divided,Integrous,"Según las condiciones de cosecha, el aceite esencial de quinoto es 70 a 90 % limoneno, pero de sus otros 105 constituyentes conocidos, 46 no se han hallado en ningún otro aceite esencial. La cáscara del quinoto es dulce y la pulpa es agria, al revés que en la mayoría de las frutas cítricas.","Dependendo das condições de colheita, o óleo essencial de laranja quincã é 70%-95% de limoneno, mas dos outros 105 constituintes conhecidos, 46 não foram encontrados em nenhum outro óleo essencial. A casca da laranja quincã é doce e amarga, ao contrário da maioria dos citrinos",Autoafirmante,Dulce,Gratificante,Autoafirmação,Doce,Pleno,Dividido,Integrado,,
75,2018-08-30 21:26:28,2019-04-03 12:55:08,Ravensara,oils/b6c701eb9e974245cc7b92c303f60676.jpeg,92BA1D,Ravensara aromatica,Reviving,Clearing,Relaxing,Ravensara is indigenous to Madagascar and has grown in popularity since the ‘80s.,NULL,0,2,141,16,Uncommited,Resolute,Ravensara es autóctona de Madagascar y su popularidad ha crecido desde los años 80.,Ravensara é nativa de Madagascar e tem crescido em popularidade desde os anos 80.,Reactivante,Purificante,Relajante,Reanimar,Desobstruir,Relaxante,No comprometido,Determinado,,
76,2018-08-30 21:28:47,2019-04-03 12:55:32,Red Mandarin,oils/b5156e9dcfeb97c06e0287c7ed55cb17.jpeg,C72F12,Citrus reticulate,Cleansing,Guided,Supported,"Mandarins are often confused with tangerines and although their taste and tree appearance are similar, mandarins are lighter, smoother, and easier to peel.",NULL,1,1,142,17,Troubled,Resilient,"Las mandarinas, en general, se confunden con las tangerinas y si bien su gusto y el aspecto del árbol son similares, las mandarinas son más suaves y más fáciles de pelar.","Os mandarins são frequentemente confundidos com tangerinas e, embora o seu sabor e aparência de árvore sejam semelhantes, as tangerinas são mais leves, mais suaves e mais fáceis de descascar.",De limpieza,Guiado,Apoyado,Limpeza,Guiado,Apoiado,Preocupado,Resistente,,
77,2018-08-30 21:32:00,2019-04-03 12:56:05,Rose,oils/626919f0e6b5712692587104b246e52f.jpeg,A47334,Rosa damascena,Intimate,Connecting,Radiant,"Known as the “queen of flowers”, it requires about 12,000 rose blossoms to make 1 5ml bottle.",NULL,0,2,144,18,Isolated,Loved,"Se conoce como la ""reina de las flores"" y requiere aproximadamente 12 000 capullos de rosas para elaborar una botella de 1,5 ml.","Conhecida como a ""rainha das flores"", são necessárias cerca de 12.000 flores de rosas para fazer um frasco de 5mL.",Íntimo,De conexión,Radiante,Íntimo,Conectar,Radiante,Excluido,Querido,,