id,created_at,updated_at,name,description,sort_order,solutionable_id,solutionable_type,Spanish,Portuguese
8,8/29/18 22:03,12/6/18 14:05,Grapefruit,"Dissipates cravings; supports detoxification, renewed energy.",0,35,App\Oil,Elimina los antojos; promueve la desintoxicación y la energía renovada.,"Dissipa os desejos compulsivos; auxilia a desintoxicação, energia renovada."
10,8/29/18 22:09,12/6/18 14:05,Basil,Clears negative thought patterns that block change; restores mental energy.,0,11,App\Oil,Elimina los patrones de pensamiento negativo que bloquean el cambio; restaura la energía mental.,Elimina padrões de pensamentos negativos que bloqueiam a mudança; restaura a energia mental.
11,8/29/18 22:09,12/6/18 14:05,Bergamot,Gives a sense of empowerment and self-worth.,0,12,App\Oil,Brinda una sensación de autosuficiencia y autoestima.,Dá sentido de poder e auto-estima.
12,8/29/18 22:10,12/6/18 14:05,Peppermint,"Supports sense of buoyancy and recovery, reprieve from painful emotions.",0,52,App\Oil,"Promueve el sentido de optimismo y recuperación, un descanso de emociones dolorosas.","Auxilia a sensação de flutuabilidade espiritual e recuperação, alívio de emoções dolorosas."
13,8/29/18 22:11,12/6/18 10:01,Serenityå¨,"Promotes calm, peaceful, tranquil state of being; quiets the mind.",0,26,App\Blend,"Promueve un estado de calma, paz y tranquilidad; calma la mente.","Promove um estado de serenidade, calmo, pacífico e tranquilo; acalma a mente."
14,8/29/18 22:12,12/6/18 10:01,Zendocrineå¨,"Promotes elimination, detoxification of toxins.",0,11,App\Blend,Promueve la eliminación y desintoxicación de toxinas.,"Promove a eliminação, a desintoxicação de toxinas."
15,8/29/18 22:12,12/6/18 10:01,Motivateå¨,"Promotes self-belief, confidence, trust.",0,13,App\Blend,"Promueve la confianza en sí mismo, la confianza y fiabilidad","Promove autoconfiança, convicção, esperança."
16,8/29/18 22:13,12/6/18 10:01,Balanceå¨,Restores a sense of solidity/feeling grounded in life.,0,15,App\Blend,Restaura una sensación de solidez o una sensación de tener los pies en la tierra.,Restaura a sensação de solidez/sentindo-se fundamentado na vida
17,8/29/18 22:13,12/6/18 10:01,Purify,Cleanses and detoxifies.,0,9,App\Blend,Limpia y desintoxica.,Limpa e desintoxica
20,8/29/18 22:15,12/6/18 14:05,Lemon,Decongests and reduces mucus.,0,40,App\Oil,Descongestiona y reduce la cantidad de moco.,Descongestiona e reduz o muco
21,8/29/18 22:16,12/6/18 14:05,Peppermint,Discharges phlegm and reduces inflammation.,0,52,App\Oil,Expulsa la flema y reduce la inflamación.,Libera a fleuma e reduz a inflamação.
22,8/29/18 22:16,12/6/18 10:01,Breatheå¨,Supports reduction and recovery from allergic responses.,0,25,App\Blend,Promueve la reducción y recuperación de las reacciones alérgicas.,Auxilia a redução e recuperação de respostas alérgicas.
23,8/29/18 22:17,12/6/18 10:01,Zendocrineå¨,Supports permanent reduction of reactivity.,0,11,App\Blend,Promueve la reducción permanente de la reactividad.,Auxilia a redução permanente de reatividade.
24,8/29/18 22:17,12/6/18 10:01,Purify,Alleviates allergic responses to bites and stings.,0,9,App\Blend,Alivia las reacciones alérgicas a las mordeduras y picaduras.,Alivia as reações alérgicas a mordidas e picadas.
25,8/29/18 22:18,12/6/18 10:01,DigestZenå¨,Supports digestion to calm food allergy responses.,0,12,App\Blend,Fortalece la digestión para calmar las reacciones alérgicas a los alimentos.,Auxilia a digestão para acalmar respostas a alergias alimentares.
26,8/29/18 22:18,12/6/18 10:01,On Guardå¨,Supports immune system.,0,21,App\Blend,Fortalece el sistema inmunológico.,Auxilia o sistema imunológico.
27,8/29/18 22:19,12/6/18 10:01,Serenityå¨,Acts as an antihistamine.,0,26,App\Blend,Actúa como un antihistamínico,Age como um anti-histamínico.
28,8/29/18 22:59,12/6/18 14:05,Peppermint,Pre-exercise support.,0,52,App\Oil,Refuerzo para antes del ejercicio.,Apoio pré-exercício.
29,8/29/18 22:59,12/6/18 14:05,Lemongrass,Connective tissue support.,0,41,App\Oil,Refuerzo del tejido conectivo.,Apoio do tecido conjuntivo.
30,8/29/18 23:00,12/6/18 14:05,Marjoram,Muscle support.,0,44,App\Oil,Refuerzo muscular.,Apoio muscular.
32,8/29/18 23:09,12/6/18 14:05,Lemongrass,Stimulates nerves and supports digestion.,0,41,App\Oil,Estimula los nervios y fortalece la digestión.,Estimula os nervos e auxilia a digestão.
33,8/29/18 23:09,12/6/18 14:05,Juniper Berry,Antioxidant and supports digestion.,0,38,App\Oil,Antioxidante y fortalece la digestión.,Antioxidante e auxilia na digestão.
34,8/29/18 23:10,12/6/18 14:05,Copaiba,"Anti-inflammatory, anti-infectious, pain reliever.",0,25,App\Oil,"Antiinflamatorio, anti-infeccioso, analgésico.","Anti-inflamatório, anti-infeccioso, analgésico"
35,8/29/18 23:10,12/6/18 14:05,Ginger,Invigorates nerves and cleanses.,0,34,App\Oil,Revitaliza los nervios y purifica.,Revigora os nervos e limpa.
36,8/29/18 23:11,12/6/18 14:05,Clary Sage,Invigorates nerves and supports endocrine system.,0,22,App\Oil,Revitaliza los nervios y fortalece el sistema endocrino.,Revigora os nervos e auxilia o sistema endócrino.
37,8/29/18 23:12,12/6/18 14:05,Turmeric,Antioxidant and anti-inflammatory.,0,63,App\Oil,Antioxidante y antiinflamatorio.,Antioxidante e anti-inflamatório.
38,8/29/18 23:12,12/6/18 10:01,DDR Primeå¨,Supports nerves and glands.,0,8,App\Blend,Fortalece los nervios y las glándulas.,Auxilia nervos e glândulas.
39,8/29/18 23:13,12/6/18 10:01,Zendocrineå¨,Detoxifies and supports proper digestive function.,0,11,App\Blend,Desintoxica y refuerza la función digestiva adecuada.,Desintoxica e auxilia a função digestiva adequada.
40,8/29/18 23:13,12/6/18 10:01,Slim & Sassyå¨,Antioxidant and improves digestion.,0,20,App\Blend,Antioxidante y mejora la digestión.,Antioxidante e melhora a digestão.
41,8/29/18 23:16,12/6/18 14:05,Coriander,Promotes a healthy insulin response.,0,26,App\Oil,Promueve una respuesta saludable a la insulina.,Promove uma resposta saudável à insulina.
42,8/29/18 23:16,12/6/18 14:05,Cassia,Balances blood sugar levels.,0,17,App\Oil,Equilibra los niveles de azúcar en la sangre.,Equilibra os níveis de açúcar no sangue.
44,8/29/18 23:20,12/6/18 10:01,Slim & Sassyå¨,Helps control blood sugar.,0,20,App\Blend,Ayuda a controlar el azúcar en la sangre.,Ajuda a controlar o açúcar no sangue.
45,8/29/18 23:22,12/6/18 10:01,Zendocrineå¨,Improves insulin receptivity.,0,11,App\Blend,Mejora la receptividad a la insulina.,Melhora a receptividade da insulina.
46,8/29/18 23:22,12/6/18 10:01,On Guardå¨,Balances blood sugar levels.,0,21,App\Blend,Equilibra los niveles de azúcar en la sangre.,Equilibra os níveis de açúcar no sangue.
47,8/29/18 23:26,12/6/18 14:05,Sandalwood,"Promotes optimal brain function, repair; crosses the blood-brain barrier.",0,57,App\Oil,Promueve la función y reparación óptima del cerebro; cruza la barrera hematoencefálica.,"Promove a função cerebral ideal, reparação; atravessa barreira hematoencefálica."
48,8/29/18 23:27,12/6/18 14:05,Frankincense,Crosses blood-brain barrier; anti-aging brain support.,0,32,App\Oil,Cruza la barrera hematoencefálica; promueve el anti-envejecimiento del cerebro.,Atravessa a barreira hematoencefálica; suporte cerebral antienvelhecimento.
50,8/29/18 23:29,12/6/18 14:05,Rosemary,"Enhances brain, cognitive performance; relieves mental fatigue.",0,56,App\Oil,Mejora el rendimiento cerebral y cognitivo; alivia la fatiga mental.,Melhora o desempenho cognitivo; alivia a fadiga mental.
52,8/29/18 23:31,12/6/18 14:05,Petitgrain,Calms and soothes the brain.,0,53,App\Oil,Calma y tranquiliza el cerebro.,Acalma e alivia o cérebro.
53,8/29/18 23:31,12/6/18 14:05,Turmeric,Brain protection and antioxidant.,0,63,App\Oil,Protección cerebral y antioxidante.,Proteção cerebral e antioxidante.
54,8/29/18 23:32,12/6/18 10:01,DDR Primeå¨,Provides antioxidants and brain protection.,0,8,App\Blend,Proporciona antioxidantes y protege al cerebro.,Fornece antioxidantes e proteção cerebral.
55,8/29/18 23:32,12/6/18 10:01,Zendocrineå¨,Supports relief from mental fatigue and toxins.,0,11,App\Blend,Promueve el alivio de la fatiga mental y las toxinas.,Auxilia o alívio da fadiga mental e toxinas.
56,8/29/18 23:33,12/6/18 10:01,InTuneå¨,"Supports oxygen and blood flow to the brain, blood-brain barrier.",0,14,App\Blend,Promueve el oxígeno y el flujo sanguíneo al cerebro y barrera hematoencefálica.,"Auxilia oxigênio e fluxo sanguíneo para o cérebro, barreira hematoencefálica."
57,8/30/18 0:19,12/6/18 14:05,Melaleuca,Eliminates candida yeast and prevents mutation.,0,45,App\Oil,Elimina la levadura Cándida y previene la mutación.,Elimina a levedura cândida e previne a mutação.
58,8/30/18 0:20,12/6/18 14:05,Oregano,Eliminates and prevents candida yeast and fungus.,0,50,App\Oil,Elimina y previene la levadura Cándida y los hongos.,Elimina e previne a cândida e fungos.
60,8/30/18 0:22,12/6/18 10:01,DDR Primeå¨,Restores the health of cells.,0,8,App\Blend,Restaura el estado de salud de las células.,Restaura a saúde das células.
61,8/30/18 0:23,12/6/18 10:01,Zendocrineå¨,Detoxifies and eliminates free radicals.,0,11,App\Blend,Desintoxica y elimina los radicales libres.,Desintoxica e elimina os radicais livres.
62,8/30/18 0:24,12/6/18 10:01,On Guardå¨,Helps eliminate candida/fungus.,0,21,App\Blend,Ayuda a eliminar la Cándida o los hongos.,Ajuda a eliminar cândida/fungo.
63,8/30/18 0:25,12/6/18 10:01,HD Clearå¨,Cleanses skin.,0,27,App\Blend,Limpia la piel.,Limpa a pele.
64,8/30/18 0:28,12/6/18 14:05,Cypress,Promotes proper circulation and blood flow throughout the body.,0,27,App\Oil,Promueve la circulación adecuada y el flujo sanguíneo en todo el cuerpo.,Promove a circulação adequada e o fluxo sanguíneo por todo o corpo.
65,8/30/18 0:29,12/6/18 14:05,Ylang Ylang,Balances heart rate and reduces high blood pressure.,0,68,App\Oil,Equilibra la frecuencia cardíaca y reduce la presión arterial alta.,Equilibra a frequência cardíaca e reduz a pressão arterial elevada.
66,8/30/18 0:29,12/6/18 14:05,Marjoram,Supports the heart muscle.,0,44,App\Oil,Apoya el músculo cardíaco.,Auxilia o músculo cardíaco.
68,8/30/18 0:31,12/6/18 14:05,Black Pepper,Warms and tones blood vessels; decongests circulatory/lymphatic.,0,14,App\Oil,Calienta y tonifica los vasos sanguíneos; descongestiona el sistema circulatorio o linfático.,Aquece e tonifica os vasos sanguíneos; descongestiona o sistema circulatório/linfático.
69,8/30/18 0:32,12/6/18 14:05,Geranium,"Supports heart, blood, and blood vessel integrity.",0,33,App\Oil,"Fortalece la integridad del corazón, la sangre y los vasos sanguíneos.","Auxilia o coração, sangue e vasos sanguíneos."
70,8/30/18 0:33,12/6/18 10:01,Purify,Decongests circulatory/lymphatic congestion.,0,9,App\Blend,Descongestiona el sistema circulatorio o linfático.,Descongestiona o acúmulo circulatório/linfático.
71,8/30/18 0:33,12/6/18 10:01,Passionå¨,Promotes healthy blood flow.,0,16,App\Blend,Promueve un flujo sanguíneo saludable.,Promove um fluxo sanguíneo saudável.
72,8/30/18 0:34,12/6/18 10:01,AromaTouchå¨,"Stimulates circulation and blood flow, especially to extremities.",0,19,App\Blend,"Estimula la circulación y el flujo sanguíneo, especialmente en las extremidades.","Estimula a circulação e o fluxo sanguíneo, especialmente para as extremidades."
73,8/30/18 0:38,12/6/18 14:05,Turmeric,Cellular health and antioxidant.,0,63,App\Oil,Salud celular y antioxidante.,Saúde celular e antioxidante.
75,8/30/18 0:39,12/6/18 14:05,Lemongrass,Cellular detoxifier.,0,41,App\Oil,Desintoxicante celular.,Desintoxicante celular.
76,8/30/18 0:39,12/6/18 14:16,Tangerine,Encourages healthy dna and optimal glutathione levels.,0,61,App\Oil,Promueve el ADN saludable y los niveles óptimos de glutatión.,Estimula o DNA saudável e os níveis excelentes de glutationa.
77,8/30/18 0:41,12/6/18 14:15,Patchouli,Supports the cell in eliminating harmful toxins.,0,51,App\Oil,Refuerza a las células en la eliminación de toxinas dañinas.,Auxilia a célula na eliminação de toxinas prejudiciais.
78,8/30/18 0:42,12/6/18 14:05,Clove,Powerful antioxidant; supports cellular repair.,0,24,App\Oil,Potente antioxidante; promueve la reparación celular.,Poderoso antioxidante; auxilia a reparação celular.
79,8/30/18 0:42,12/6/18 14:05,Thyme,Cellular health and dna repair.,0,62,App\Oil,Salud celular y reparación del ADN.,Saúde celular e reparação do DNA.
80,8/30/18 0:43,12/6/18 14:05,Arborvitae,Stimulates immune support and cellular repair.,0,10,App\Oil,Estimula el sistema inmunológico y la reparación celular.,Estimula o suporte imunológico e a reparação celular
81,8/30/18 0:45,12/6/18 10:01,NULL,Promotes cellular health and dna repair.,0,0,App\Blend,Promueve la salud celular y la reparación del ADN.,Promove a saúde celular e reparação do DNA.
82,8/30/18 0:45,12/6/18 10:01,Zendocrineå¨,Helps eliminate free radicals and heavy metals.,0,11,App\Blend,Ayuda a eliminar radicales libres y metales pesados.,Ajuda a eliminar os radicais livres e metais pesados.
83,8/30/18 0:47,12/6/18 10:01,Cheerå¨,Antioxidant; neutralizes free radicals and supports cells.,0,30,App\Blend,Antioxidante; neutraliza los radicales libres y fortalece la salud de las células.,Antioxidante; neutraliza os radicais livres e auxilia as células.
84,8/30/18 0:48,12/6/18 10:01,Purify,Detoxifies cells and lymphatic system.,0,9,App\Blend,Desintoxica las células y el sistema linfático.,Dsintoxica as células e o sistema linfático.
85,8/30/18 0:53,12/6/18 14:05,Lavender,Most used essential oil for children; all things calming.,0,39,App\Oil,Aceite esencial más utilizado para los niños; todo lo que tranquilice.,Mais usado para crianças; todas as coisas calmantes.
86,8/30/18 0:55,12/6/18 14:05,Wild Orange,Gentle/powerful calming/uplifting; digestive support; boost immune/anti-infectious; promotes sense of abundance ‰ÛÏthere is enough for me! ‰Û.,0,65,App\Oil,"Suave, potente calmante, estimulante; apoyo digestivo; aumenta el sistema inmunitario o antiinfeccioso; promueve el sentido de la abundancia ‰ÛÏ¡Es suficiente para mi! ‰Û.",Suave/poderoso calmante/edificante; suporte digestivo; impulsionar a imunidade/anti-infeccioso; promove sensação de abundância ‰Ûhá o suficiente para mim! ‰Û.
87,8/30/18 0:56,12/6/18 14:05,Frankincense,"Supports brain, mood, wound healing, feeling grounded and safe/secure.",0,32,App\Oil,"Fortalece el cerebro, el estado de ánimo, la cicatrización de heridas, y el sentirse centrado y seguro o protegido.","Auxilia o cérebro, humor, cicatrização de feridas, sentir-se aterrado e seguro/protegido."
88,8/30/18 0:57,12/6/18 14:05,Roman Chamomile,Supports sense of calm/relaxation; sedative effect; diffuses agitated negative thoughts/moods; detoxifying.,0,55,App\Oil,Promueve una sensación de calma / relajación; efecto sedante; difunde pensamientos o estados de ánimo negativos agitados; desintoxicante.,Auxilia a sensação de calma/relaxamento; efeito sedativo; dispersa pensamentos negativos/humores agitados; desintoxicante.
89,8/30/18 0:58,12/6/18 10:01,Calmer‰ã¢,Supports a sense of peace and calm.,0,40,App\Blend,Promueve una sensación de paz y tranquilidad.,Apoia sensação de paz e tranquilidade.
90,8/30/18 0:58,12/6/18 10:01,Steady‰ã¢,Supports feeling grounded and stable.,0,38,App\Blend,Promueve el sentirse centrado y estable.,Auxilia a sensação de estar aterrada e estável.
91,8/30/18 0:59,12/6/18 10:01,DigestZenå¨,Supports digestion and elimination.,0,12,App\Blend,Fortalece la digestión y eliminación.,Auxilia a digestão e a eliminação.
92,8/30/18 1:00,12/6/18 10:01,Stronger‰ã¢,Boosts the immune system.,0,39,App\Blend,Refuerza el sistema inmunitario.,Estimula o sistema imunológico.
93,8/30/18 1:01,12/6/18 10:01,Thinker‰ã¢,Supports optimal focus and concentration.,0,37,App\Blend,Promueve un enfoque y concentración óptimos.,Auxilia o foco e a concentração ideais
95,8/30/18 5:10,12/6/18 14:05,Grapefruit,"Antioxidant; superb detoxifier of fat, liver, gallbladder.",0,35,App\Oil,"Antioxidante; excelente desintoxicante de grasa, hígado, vesícula biliar.","Antioxidante; excelente desintoxicante de gordura, fígado, vesícula biliar."
96,8/30/18 5:11,12/6/18 14:05,Lemon,"Antioxidant; superb detoxifier of fat, chemicals, urinary, liver, lymph.",0,40,App\Oil,"Antioxidante; excelente desintoxicante de grasas, productos químicos, vías urinarias, hígado, sistema linfático.","Antioxidante; excelente desintoxicante de gordura, produtos químicos, urinário, fígado, linfa."
97,8/30/18 5:11,12/6/18 14:05,Lemongrass,Powerhouse decongestant for any system of the body.,0,41,App\Oil,Descongestionante potente para cualquier sistema del cuerpo.,Descongestionante de potência para qualquer sistema do corpo.
98,8/30/18 5:12,12/6/18 14:05,Clove,"Powerful antioxidant, blood and cellular cleanser.",0,24,App\Oil,"Antioxidante potente, limpiador de sangre y celular.","Poderoso antioxidante, limpador de sangue e celular."
99,8/30/18 5:12,12/6/18 10:01,Zendocrineå¨,"Detox liver, gallbladder, gut, kidneys, lungs, skin.",0,11,App\Blend,"Desintoxica el hígado, la vesícula biliar, el intestino, los riñones, los pulmones y la piel.","Desintoxicação do fígado, vesícula biliar, intestino, rins, pulmões, pele."
100,8/30/18 5:12,12/6/18 10:01,Purify,"Detox lymph, blood, kidneys, skin.",0,9,App\Blend,"Desintoxica el sistema linfático, la sangre, los riñones y la piel.","Desintoxica linfa, sangue, rins, pele."
101,8/30/18 5:13,12/6/18 10:01,DDR Primeå¨,"Detox lymph, cells, gut, brain.",0,8,App\Blend,"Desintoxica el sistema linfático, las células, el intestino y el cerebro.","Desintoxica linfa, células, intestino, cérebro."
102,8/30/18 5:13,12/6/18 10:01,Slim & Sassyå¨,"Detox fat, liver, gallbladder.",0,20,App\Blend,"Desintoxica la grasa, el intestino y la vesícula biliar.","Desintoxicação de gordura, fígado, vesícula biliar."
109,8/30/18 5:20,12/6/18 10:01,DigestZenå¨,Supports digestion and elimination.,0,12,App\Blend,Fortalece la digestión y eliminación.,Auxilia a digestão e a eliminação.
110,8/30/18 5:20,12/6/18 10:01,Slim & Sassyå¨,"Upports stomach, intestines, pancreas, liver, gallbladder, fat digestion and satiation.",0,20,App\Blend,"Fortalece el estómago, los intestinos, el páncreas, el hígado, la vesícula biliar, la digestión de grasa y la saciedad.","Auxilia o estômago, intestinos, pâncreas, fígado, vesícula biliar, digestão de gordura e saciedade."
111,8/30/18 5:21,12/6/18 10:01,AromaTouchå¨,Supports peristalsis and bowel tone.,0,19,App\Blend,Fortalece la peristalsis y la tonalidad del intestino.,Auxilia o peristaltismo e o tônus intestinal.
112,8/30/18 5:21,12/6/18 10:01,Zendocrineå¨,"Supports gallbladder, liver, and pancreas.",0,11,App\Blend,"Fortalece la vesícula biliar, el hígado y el páncreas.","Auxilia a vesícula biliar, fígado e pâncreas."
113,8/30/18 5:25,12/6/18 14:05,Grapefruit,Helps heal the relationship with the body and curb emotional eating.,0,35,App\Oil,Ayuda a sanar la relación con el cuerpo y frenar la alimentación emocional.,Ajuda a curar o relacionamento com o corpo e a conter a fome emocional.
114,8/30/18 5:26,12/6/18 14:05,Patchouli,Supports restoring connection to and acceptance of body.,0,51,App\Oil,Promueve la restauración de la conexión y la aceptación del cuerpo.,Auxilia a restaurar a conexão e aceitação do corpo.
115,8/30/18 5:26,12/6/18 14:05,Bergamot,Balances hormones and promotes sense of self-worth.,0,12,App\Oil,Equilibra las hormonas y promueve el sentido de autoestima.,Equilibra os hormônios e promove senso de autoestima.
116,8/30/18 5:27,12/6/18 10:01,Slim & Sassyå¨,Balances metabolism and insulin.,0,20,App\Blend,Equilibra el metabolismo y la insulina.,Equilibra metabolismo e insulina.
117,8/30/18 5:28,12/6/18 10:01,Balanceå¨,Balances emotions and promotes a feeling of tranquility.,0,15,App\Blend,Equilibra las emociones y promueve una sensación de tranquilidad.,Equilibra as emoções e promove uma sensação de tranquilidade.
118,8/30/18 5:28,12/6/18 10:01,Purify,Encourages release of toxic emotions.,0,9,App\Blend,Estimula la liberación de emociones tóxicas.,Estimula a liberação de emoções tóxicas.
122,8/30/18 5:31,12/6/18 14:05,Rosemary,Stimulates glands and brain function; adrenal support.,0,56,App\Oil,Estimula las glándulas y la función cerebral; apoyo suprarrenal.,Estimula as glândulas e a função cerebral; suporte adrenal.
123,8/30/18 5:31,12/6/18 10:01,DDR Primeå¨,Nerve repair; glandular support.,0,8,App\Blend,Reparación de nervios; apoyo glandular.,Reparação nervosa; suporte glandular.
124,8/30/18 5:31,12/6/18 10:01,Zendocrineå¨,Adrenal and glandular support.,0,11,App\Blend,Apoyo suprarrenal y glandular.,Suporte adrenal e glandular.
125,8/30/18 5:32,12/6/18 10:01,ClaryCalmå¨,Glandular support and mood stabilizer.,0,31,App\Blend,Apoyo glandular y estabilizador del estado de ánimo.,Suporte glandular e estabilizador de humor.
126,8/30/18 5:33,12/6/18 14:05,Basil,Stimulating and reviving.,0,11,App\Oil,Estimulante y reactivante.,Estimular e reanimar.
127,8/30/18 5:34,12/6/18 14:05,Peppermint,Invigorating and energizing.,0,52,App\Oil,Tonificante y energizante.,Revigorar e energizar.
128,8/30/18 5:34,12/6/18 14:05,Wild Orange,Uplifting and rejuvenating.,0,65,App\Oil,Revitalizante y rejuvenecedor.,Edificar e rejuvenescer.
129,8/30/18 5:34,12/6/18 14:05,Lemon,Cleansing and refreshing.,0,40,App\Oil,Limpiador y refrescante.,Limpar e refrescar.
130,8/30/18 5:35,12/6/18 14:05,Lime,Energizing and enlivening.,0,42,App\Oil,Energizante y vivificante.,Energizar e animar.
131,8/30/18 5:35,12/6/18 10:01,Citrus Blisså¨,Rejuvenating and energizing.,0,17,App\Blend,Rejuvenecedor y energizante.,Rejuvenescer e energizar.
132,8/30/18 5:35,12/6/18 10:01,Breatheå¨,Invigorating and reviving.,0,25,App\Blend,Tonificante y reactivante.,Revigorar e reanimar.
133,8/30/18 5:36,12/6/18 10:01,Motivateå¨,"Stimulating, renewing, and strengthening.",0,13,App\Blend,"Estimulante, renovador y fortalecedor.","Estimular, renovar e fortalecer"
134,8/30/18 5:36,12/6/18 10:01,Passionå¨,"Promotes excitement, passion and joy.",0,16,App\Blend,"Promueve la emoción, la pasión y la alegría.","Promove paixão, emoção e alegria."
135,8/30/18 5:37,12/6/18 10:01,Elevation‰ã¢,Uplifting and energizing.,0,18,App\Blend,Revitalizante y energizante.,Edificar e energizar.
136,8/30/18 5:37,12/6/18 10:01,Purify,Refreshing and cleansing.,0,9,App\Blend,Refrescante y limpiador.,Refrescar e limpar.
137,8/30/18 5:39,12/6/18 14:05,Clove,Powerful analgesic for numbing wounds.,0,24,App\Oil,Potente analgésico para adormecer las heridas.,Analgésico potente para feridas entorpecentes.
138,8/30/18 5:39,12/6/18 14:05,Frankincense,"Universal healing properties, wound antiseptic/analgesic/healing, anti-scarring.",0,32,App\Oil,"Propiedades curativas universales, antiséptico, analgésico y curativo de heridas, anti-cicatrización.","Propriedades curativas universais, antisséptico/analgésico/cicatrizante, anti cicatricial."
141,8/30/18 5:41,12/6/18 14:05,Lemon,"Sanitize, neutralize acid; universal for immune, skin, respiratory needs.",0,40,App\Oil,"Desinfecta, neutraliza el ácido; universal para las necesidades inmunitarias, de la piel y respiratorias.","Higieniza, neutraliza ácido; universal para necessidades imunológicas, cutâneas e respiratórias."
142,8/30/18 5:41,12/6/18 14:05,Lemongrass,"Connective tissue repair, sore muscle/cramp relief.",0,41,App\Oil,"Reparación del tejido conectivo, alivia los dolores musculares o calambres.","Reparo do tecido conjuntivo, alívio de dores musculares/cãibras."
143,8/30/18 5:41,12/6/18 14:05,Marjoram,"Muscle repair, digestive/eliminative support, sore muscle/cramp relief.",0,44,App\Oil,"Reparación muscular, apoyo digestivo o eliminativo, alivia los dolores musculares o calambres","Reparação muscular, auxílio digestivo0/eliminativo, alívio de dores musculares/cãibras."
144,8/30/18 5:42,12/6/18 14:05,Melaleuca,"Gentle/powerful wound antiseptic, antimicrobial activity.",0,45,App\Oil,"Suave o potente antiséptico para heridas, actividad antimicrobiana.","Antisséptico de ferida suave/potente, atividade antimicrobiana."
145,8/30/18 5:42,12/6/18 14:05,Oregano,"Anti-inflammatory, powerful antibacterial/antiviral.",0,50,App\Oil,"Antiinflamatorio, potente antibacteriano o antiviral.","Anti-inflamatório, poderoso antibacteriano/antiviral."
146,8/30/18 5:43,12/6/18 14:05,Peppermint,"Cooling, burn care, pain reliever; relieve nausea, vomiting.",0,52,App\Oil,"Enfriamiento, cuidado de quemaduras, analgésico; alivia las náuseas y el vómito.","Resfriamento, cuidado de queimaduras, analgésico; aliviar náusea, vômito."
147,8/30/18 5:43,12/6/18 10:01,DDR Primeå¨,"Antitrauma, cellular, cognitive support.",0,8,App\Blend,"Apoyo antitrauma, celular y cognitivo.","Antitrauma, celular, suporte cognitivo."
148,8/30/18 5:44,12/6/18 10:01,Purify,"Antiseptic properties; sanitize, bug bite/sting recovery.",0,9,App\Blend,"Propiedades antisépticas; desinfecta, recuperación de mordedura o picadura de insecto.","Propriedades antissépticas; higienizar, recuperação de mordida/picada de insetos."
149,8/30/18 5:44,12/6/18 10:01,Zendocrineå¨,"Anti-allergenic, blood cleansing, anti-infectious support.",0,11,App\Blend,"Antialergénico, limpiador de sangre, apoyo antiinfeccioso.","Antialérgico, limpeza do sangue, suporte anti-infeccioso."
150,8/30/18 5:51,12/6/18 10:01,DigestZenå¨,"Excellent to resolve nausea, vomiting.",0,12,App\Blend,Excelente en el tratamiento de náuseas y vómito.,"Excelente para solucionar náuseas, vômitos."
151,8/30/18 5:51,12/6/18 10:01,AromaTouchå¨,For injured tissue recovery; sore muscle/cramp relief.,0,19,App\Blend,Para la recuperación del tejido lesionado; alivia los dolores musculares o calambres.,Para recuperação de tecido lesionado; alívio de dores musculares/cãibras.
152,8/30/18 5:52,12/6/18 10:01,On Guardå¨,"Immune protection, analgesic.",0,21,App\Blend,"Protección inmune, analgésico.","Proteção imunológica, analgésica"
153,8/30/18 5:52,12/6/18 10:01,TerraShieldå¨,Bug repellant.,0,24,App\Blend,Repelente de insectos.,Repelente de insetos.
154,8/30/18 5:52,12/6/18 10:01,Serenityå¨,"For shock, trauma recovery.",0,26,App\Blend,Para la recuperación de shocks y traumas.,"Para choque, recuperação de trauma."
155,8/30/18 5:53,12/6/18 10:01,HD Clearå¨,"Antiseptic, wound care.",0,27,App\Blend,"Antiséptico, para el cuidado de heridas.","Antisséptico, tratamento de feridas."
156,8/30/18 5:53,12/6/18 10:01,Deep Blueå¨,Bone/pain relief support; sore muscle/cramp relief.,0,28,App\Blend,Apoyo en el alivio de dolor de huesos / dolor; alivia los dolores musculares o calambres.,Suporte para alívio ósseo/dor; alívio de dores musculares/cãibras.
157,8/30/18 5:56,12/6/18 14:05,Roman Chamomile,"Reduces anxiety, promotes confidence.",0,55,App\Oil,"Reduce la ansiedad, promueve la confianza.","Reduz a ansiedade, promove a confiança."
158,8/30/18 5:57,12/6/18 14:05,Vetiver,"Promotes focus, concentration, mental performance.",0,64,App\Oil,"Promueve la atención, la concentración y el rendimiento mental.","Promove foco, concentração, desempenho mental."
159,8/30/18 5:57,12/6/18 14:05,Lavender,"Supports mental adaptability, performance.",0,39,App\Oil,Fortalece la adaptabilidad y el rendimiento mental.,"Auxilia a adaptabilidade mental, desempenho."
160,8/30/18 5:57,12/6/18 14:05,Clary Sage,"Supports a calm, clear, focused mind.",0,22,App\Oil,"Promueve una mente tranquila, clara y enfocada.","Auxilia uma mente calma, clara e focada."
162,8/30/18 5:59,12/6/18 10:01,Serenityå¨,Relaxes the mind.,0,26,App\Blend,Relaja la mente.,Relaxa a mente.
163,8/30/18 5:59,12/6/18 10:01,InTuneå¨,Calms and stimulates the mind.,0,14,App\Blend,Tranquiliza y estimula la mente.,Acalma e estimula a mente.
164,8/30/18 6:00,12/6/18 10:01,Motivateå¨,"Promotes motivation, mental stimulation and movement.",0,13,App\Blend,"Promueve la motivación, la estimulación mental y el movimiento.","Promove motivação, estimulação mental e movimento."
165,8/30/18 6:00,12/6/18 10:01,Balanceå¨,Promotes a grounded state of mind.,0,15,App\Blend,Promueve un estado mental centrado.,Promove um estado de espírito alicerçado.
166,8/30/18 6:00,12/6/18 10:01,Thinker‰ã¢,Calms and stimulates the mind.,0,37,App\Blend,Tranquiliza y estimula la mente.,Acalma e estimula a mente.
169,8/30/18 6:04,12/6/18 10:01,On Guardå¨,Stimulates the immune system and fights bacteria/viruses.,0,21,App\Blend,Estimula el sistema inmunitario y combate bacterias o virus.,Estimula o sistema imunológico e combate bactérias/vírus.
170,8/30/18 6:05,12/6/18 10:01,Zendocrineå¨,Supports proper detoxification.,0,11,App\Blend,Promueve la desintoxicación adecuada.,Auxilia a desintoxicação adequada.
171,8/30/18 6:05,12/6/18 10:01,DDR Primeå¨,Manages abnormal cell activity and stimulates the immune system.,0,8,App\Blend,Controla la actividad celular anormal y estimula el sistema inmunitario.,Gerencia a atividade celular anormal e estimula o sistema imunológico.
172,8/30/18 6:06,12/6/18 10:01,Purify,Disinfects and sanitizes.,0,9,App\Blend,Desinfecta y esteriliza.,Desinfecta e higieniza.
173,8/30/18 6:09,12/6/18 14:05,Lavender,Supports healing and maintaining healthy tissue.,0,39,App\Oil,Ayuda en la curación y el mantenimiento del tejido sano.,Auxilia a cicatrização e manutenção de tecido saudável.
174,8/30/18 6:09,12/6/18 14:05,Sandalwood,Promotes regeneration and toning.,0,57,App\Oil,Promueve la regeneración y tonificación.,Promove regeneração e tonificação.
175,8/30/18 6:10,12/6/18 14:05,Geranium,Regenerates tissue and tones skin.,0,33,App\Oil,Regenera el tejido y tonifica la piel.,Regenera o tecido e tonifica a pele.
176,8/30/18 6:11,12/6/18 14:05,Frankincense,"Invigorates skin, reduces inflammation.",0,32,App\Oil,Revitaliza la piel y reduce la inflamación.,"Revigora a pele, reduz a inflamação."
177,8/30/18 6:11,12/6/18 14:05,Helichrysum,Regenerates tissue and reduces scarring.,0,36,App\Oil,Regenera el tejido y reduce las cicatrices.,Regenera o tecido e reduz as cicatrizes.
178,8/30/18 6:13,12/6/18 10:01,Immortelle,Restores and tones skin.,0,34,App\Blend,Restaura y tonifica la piel.,Restaura e tonifica a pele.
179,8/30/18 6:19,12/6/18 10:01,HD Clearå¨,Cleanses skin and reduces inflammation.,0,27,App\Blend,Limpia la piel y reduce la inflamación.,Limpa a pele e reduz a inflamação.
181,8/30/18 6:25,12/6/18 14:05,Ylang Ylang,Supports a healthy libido and endocrine function.,0,68,App\Oil,Promueve una libido saludable y fortalece la función endocrina.,Auxilia uma libido saudável e a função endócrina.
182,8/30/18 6:26,12/6/18 14:05,Patchouli,"Improves circulation, raises body temperature, enhances mood.",0,51,App\Oil,"Mejora la circulación, aumenta la temperatura corporal y mejora el estado de ánimo.","Melhora a circulação, aumenta a temperatura corporal, melhora o humor."
183,8/30/18 6:27,12/6/18 14:05,Clary Sage,"Supports the endocrine system, enhances libido.",0,22,App\Oil,Fortalece el sistema endocrino y aumenta la libido.,"Auxilia o sistema endócrino, aumenta a libido."
185,8/30/18 6:28,12/6/18 10:01,ClaryCalmå¨,Support healthy libido.,0,31,App\Blend,Promueve una libido saludable.,Auxilia a libido saudável.
186,8/30/18 6:28,12/6/18 10:01,Passionå¨,"Promotes passion, excitement and joy.",0,16,App\Blend,"Promueve la pasión, la emoción y la alegría.","Promove paixão, emoção e alegria."
187,8/30/18 6:29,12/6/18 10:01,Elevation‰ã¢,"Uplifts mood, energizes.",0,18,App\Blend,Eleva el estado de ánimo y energiza.,"Eleva o humor, energiza."
188,8/30/18 6:29,12/6/18 10:01,AromaTouchå¨,"Supports circulation, relieves tension.",0,19,App\Blend,Fortalece la circulación y elimina la tensión.,"Auxilia a circulação, alivia a tensão."
189,8/30/18 6:31,12/6/18 14:05,Melissa,Reduces depression and supports trauma recovery.,0,46,App\Oil,Reduce la depresión y refuerza la recuperación del trauma.,Reduz a depressão e apoia a recuperação do trauma.
190,8/30/18 6:31,12/6/18 14:05,Juniper Berry,"Helps release fears, trauma, and nightmares.",0,38,App\Oil,"Ayuda a eliminar los miedos, traumas y pesadillas.","Ajuda a liberar medos, traumas e pesadelos."
191,8/30/18 6:32,12/6/18 14:05,Frankincense,"Balances brain activity; supports a sense of protection, safety and releases traumatic memories.",0,32,App\Oil,"Equilibra la actividad cerebral; promueve una sensación de protección, seguridad y libera recuerdos traumáticos.","Equilibra a atividade cerebral; apoia uma sensação de proteção, segurança e libera memórias traumáticas"
192,8/30/18 6:32,12/6/18 14:05,Patchouli,"Sedates, grounds, stabilizes; supports central nervous system.",0,51,App\Oil,"Seda, centra, estabiliza; fortalece el sistema nervioso central.","Seda, aterra, estabiliza; suporta o sistema nervoso central."
193,8/30/18 6:32,12/6/18 14:05,Turmeric,Antioxidant and anti-inflammatory.,0,63,App\Oil,Antioxidante y antiinflamatorio.,Antioxidante e anti-inflamatório.
194,8/30/18 6:33,12/6/18 10:01,Serenityå¨,"Calms feelings of fear, anger, jealousy, and rage.",0,26,App\Blend,"Calma la sensación de miedo, ira, celos y rabia.","Acalma sentimentos de medo, raiva, ciúme e raiva."
195,8/30/18 6:33,12/6/18 10:01,Cheerå¨,"Brings feelings of cheerfulness, optimism and positivity.",0,30,App\Blend,"Brinda sentimientos de alegría, optimismo y positividad.","Traz sentimentos de alegria, otimismo e positividade."
196,8/30/18 6:34,12/6/18 10:01,Motivateå¨,"Stimulates self-belief, courage and confidence.",0,13,App\Blend,"Estimula la confianza en sí mismo, la confianza y fiabilidad.","Estimula a autoconfiança, a coragem e a confiança."
197,8/30/18 6:34,12/6/18 10:01,Elevation‰ã¢,Stabilizes mood and promotes courage and cheerfulness.,0,18,App\Blend,Estabiliza el estado de ánimo y promueve el valor y la alegría.,Estabiliza o humor e promove coragem e alegria.
198,8/30/18 6:35,12/6/18 10:01,Balanceå¨,Calms an overactive mind; promotes sense of connectivity.,0,15,App\Blend,Calma una mente hiperactiva; promueve la sensación de conectividad.,Acalma uma mente hiperativa; promove senso de conectividade.
199,8/30/18 6:37,12/6/18 14:05,Frankincense,"Promotes longevity, supports brain and prostate health.",0,32,App\Oil,"Promueve la longevidad, fortalece la salud del cerebro y la próstata.","Promove a longevidade, apoia a saúde do cérebro e da próstata."
200,8/30/18 6:37,12/6/18 14:05,Melaleuca,Fights bacteria and fungus with antiseptic action.,0,45,App\Oil,Combate bacterias y hongos con acción antiséptica.,Combate bactérias e fungos com ação antisséptica.
201,8/30/18 6:38,12/6/18 14:05,Juniper Berry,"Supports urinary and prostate health, wound healing.",0,38,App\Oil,Promueve la salud urinaria y de la próstata y refuerza la cicatrización de heridas.,"Apoia a saúde urinária e da próstata, cicatrização de feridas."
202,8/30/18 6:38,12/6/18 14:05,Cardamom,"Supports digestive, muscular, and respiratory health.",0,16,App\Oil,"Fortalece la salud digestiva, muscular y respiratoria.","Apoia a saúde digestiva, muscular e respiratória."
203,8/30/18 6:38,12/6/18 14:05,Lemon,Detoxifies and has an alkalizing effect.,0,40,App\Oil,Desintoxica y tiene un efecto alcalinizante.,Desintoxica e tem um efeito alcalinizante.
204,8/30/18 6:39,12/6/18 10:01,Balanceå¨,"Makes great cologne, aftershave; brain support.",0,15,App\Blend,Es una gran colonia y loción para después del afeitado; apoyo cerebral.,"É uma ótima colônia, loção pós-barba; suporte cerebral."
205,8/30/18 6:39,12/6/18 10:01,On Guardå¨,Supports cardiovascular and immune health.,0,21,App\Blend,Fortalece la salud cardiovascular e inmune.,Apoia a saúde cardiovascular e imunológica.
206,8/30/18 6:39,12/6/18 10:01,Zendocrineå¨,"Supports urinary, prostate; prevents hair loss.",0,11,App\Blend,Fortalece el tracto urinario y la próstata; previene la pérdida de cabello.,"Auxilia a próstata, urinário; previne a perda de cabelo."
207,8/30/18 6:40,12/6/18 10:01,DDR Primeå¨,Assists with cellular repair and longevity.,0,8,App\Blend,Ayuda con la reparación celular y la longevidad.,Auxilia no reparo celular e na longevidade.
209,8/30/18 6:43,12/6/18 14:05,Lavender,"Calms and relaxes, increases the ability to express feelings.",0,39,App\Oil,"Calma y relaja, aumenta la capacidad de expresar sentimientos.","Acalma e relaxa, aumenta a capacidade de expressar sentimentos."
211,8/30/18 6:44,12/6/18 14:05,NULL,"Grounds, promotes a sense of belonging and being connected socially.",0,0,App\Oil,"Centra, promueve un sentido de pertenencia y de conexión social.","Aterra, promove um sentimento de pertença e estar conectado socialmente."
212,8/30/18 6:44,12/6/18 14:05,Bergamot,Helps increase self-confidence.,0,12,App\Oil,Ayuda a aumentar la confianza en sí mismo.,Ajuda a aumentar a autoconfiança.
214,8/30/18 6:45,12/6/18 10:01,Citrus Blisså¨,Stimulates the mind and mood; encourages creativity.,0,17,App\Blend,Estimula la mente y el estado de ánimo; fomenta la creatividad.,Estimula a mente e o humor; incentiva a criatividade.
215,8/30/18 6:46,12/6/18 10:01,Elevation‰ã¢,"Energizes, balances hormones; restores a sense of buoyancy.",0,18,App\Blend,"Energiza, equilibra las hormonas; restaura una sensación de optimismo.","Energiza, equilibra hormônios; restaura uma sensação de dinamismo."
216,8/30/18 6:46,12/6/18 10:01,Cheerå¨,"Promotes a cheerful, positive attitude.",0,30,App\Blend,Promueve una actitud alegre y positiva.,Promove uma atitude positiva e alegre.
217,8/30/18 6:47,12/6/18 10:01,Serenityå¨,Encourages a restful state for mind and body.,0,26,App\Blend,Alienta un estado de descanso para la mente y el cuerpo.,Incentiva um estado de repouso para a mente e o corpo.
218,8/30/18 6:47,12/6/18 10:01,Motivateå¨,"Stimulates belief, courage and confidence.",0,13,App\Blend,"Estimula la creencia, el coraje y la confianza.","Estimula a crença, coragem e confiança."
219,8/30/18 6:47,12/6/18 10:01,Balanceå¨,Promotes a state of balance and calm.,0,15,App\Blend,Promueve un estado de equilibrio y calma.,Promove um estado de equilíbrio e calma.
220,8/30/18 6:49,12/6/18 14:05,Lemongrass,"Soothes muscle aches, supports connective tissue repair.",0,41,App\Oil,Alivia los dolores musculares y apoya la reparación del tejido conectivo.,"Acalma dores musculares, suporta o reparo do tecido conjuntivo."
221,8/30/18 6:50,12/6/18 14:05,Cypress,"Promotes blood flow to muscle and connective tissue, reduces pain and spasms.",0,27,App\Oil,"Fortalece el flujo sanguíneo al músculo y al tejido conectivo, reduce el dolor y los espasmos.","Promove o fluxo sanguíneo para o músculo e tecido conjuntivo, reduz a dor e espasmos."
222,8/30/18 6:50,12/6/18 14:05,Cypress,"Promotes blood flow to muscle and connective tissue, reduces pain and spasms.",0,27,App\Oil,"Fortalece el flujo sanguíneo al músculo y al tejido conectivo, reduce el dolor y los espasmos.","Promove o fluxo sanguíneo para o músculo e tecido conjuntivo, reduz a dor e espasmos."
223,8/30/18 6:50,12/6/18 14:05,Marjoram,Relaxes muscles and decreases spasms.,0,44,App\Oil,Relaja los músculos y reduce los espasmos.,Relaxa os músculos e diminui os espasmos.
225,8/30/18 6:51,12/6/18 10:01,AromaTouchå¨,Promotes circulation and relieves pain.,0,19,App\Blend,Fortalece la circulación y alivia el dolor.,Promove a circulação e alivia a dor.
226,8/30/18 6:51,12/6/18 10:01,Deep Blueå¨,Soothes muscle and joint pain and inflammation.,0,28,App\Blend,Alivia el dolor muscular y articular y la inflamación.,Acalma dores musculares e articulares e inflamação.
227,8/30/18 6:52,12/6/18 10:01,PastTenseå¨,Soothes sore muscles and tissue; releases tension.,0,29,App\Blend,Alivia los músculos y los tejidos adoloridos; libera la tensión.,Alivia músculos e tecidos doloridos; libera a tensão.
228,8/30/18 6:52,12/6/18 10:01,DDR Primeå¨,Helps with connective tissue repair and soothes pain.,0,8,App\Blend,Ayuda en la reparación del tejido conectivo y alivia el dolor.,Ajuda no reparo do tecido conjuntivo e acalma a dor.
229,8/30/18 6:54,12/6/18 14:05,Helichrysum,Invigorates nerves and relieves pain.,0,36,App\Oil,Revitaliza los nervios y alivia el dolor.,Revigora os nervos e alivia a dor.
230,8/30/18 6:54,12/6/18 14:05,Peppermint,Stimulates nerves and supports repair.,0,52,App\Oil,Estimula los nervios y ayuda en la reparación.,Estimula os nervos e auxilia a reparação.
231,8/30/18 6:55,12/6/18 14:05,Lemongrass,Stimulates nerves and electrical system of body.,0,41,App\Oil,Estimula los nervios y el sistema eléctrico del cuerpo.,Estimula nervos e sistema elétrico do corpo.
232,8/30/18 6:55,12/6/18 14:05,Patchouli,Provides nerve protection and supports regeneration; removes toxins.,0,51,App\Oil,Protege los nervios y promueve la regeneración; elimina las toxinas.,Fornece proteção nervosa e auxilia a regeneração; remove toxinas.
233,8/30/18 6:56,12/6/18 14:05,Basil,"Stimulates, energizes and restores nerves; relaxes tension.",0,11,App\Oil,"Estimula, energiza y restaura los nervios; relaja la tensión.","Estimula, energiza e restaura os nervos; relaxa a tensão."
234,8/30/18 6:56,12/6/18 14:05,Frankincense,Provides nerve protection and supports regeneration.,0,32,App\Oil,Protege los nervios y promueve la regeneración.,Fornece proteção nervosa e auxilia a regeneração.
236,8/30/18 6:57,12/6/18 10:01,InTuneå¨,Helps with mental focus and reduces inflammation.,0,14,App\Blend,Ayuda con el enfoque mental y reduce la inflamación.,Ajuda com foco mental e reduz a inflamação.
237,8/30/18 6:57,12/6/18 10:01,AromaTouchå¨,Increases circulation.,0,19,App\Blend,Aumenta la circulación.,Aumenta a circulação.
238,8/30/18 6:58,12/6/18 10:01,Deep Blueå¨,Invigorates and stimulates nerves.,0,28,App\Blend,Revitaliza y estimula los nervios.,Revigora e estimula os nervos.
239,8/30/18 6:58,12/6/18 10:01,DDR Primeå¨,Regenerates and protects nerves.,0,8,App\Blend,Regenera y protege los nervios.,Regenera e protege os nervos.
240,8/30/18 6:59,12/6/18 10:01,Immortelle,Regenerates nerves and increases clarity.,0,34,App\Blend,Regenera los nervios y aumenta la claridad.,Regenera os nervos e aumenta a clareza.
241,8/30/18 7:01,12/6/18 14:05,Myrrh,"Fights gum disease, infections and sores; soothes gums.",0,48,App\Oil,"Combate las enfermedades, infecciones y ulceras de las encías; alivia el dolor de encías.","Combate doenças da gengiva, infecções e feridas; acalma as gengivas."
242,8/30/18 7:01,12/6/18 14:05,Clove,"Protects nerves, soothes pain; prevents tooth decay.",0,24,App\Oil,Protege los nervios y alivia el dolor; previene las caries.,"Protege os nervos, acalma a dor; previne a cárie dentária."
243,8/30/18 7:01,12/6/18 14:05,Peppermint,"Freshens breath; reduces swelling, inflammation, and tenderness.",0,52,App\Oil,"Refresca el aliento; reduce la hinchazón, inflamación y sensibilidad.","Refresca o hálito; reduz o inchaço, inflamação e sensibilidade."
244,8/30/18 7:02,12/6/18 14:05,Wintergreen,"Protect nerves, soothes pain; prevents tooth decay.",0,66,App\Oil,Protege los nervios y alivia el dolor; previene las caries.,"Protege os nervos, acalma a dor; previne a cárie dentária."
245,8/30/18 7:02,12/6/18 14:05,Turmeric,Relieves pain and inflammation.,0,63,App\Oil,Alivia el dolor y la inflamación.,Alivia a dor e a inflamação.
246,8/30/18 7:03,12/6/18 10:01,On Guardå¨,Helps fight infection and bacteria; prevents tooth decay.,0,21,App\Blend,Ayuda a combatir las infecciones y bacterias; previene las caries.,Ajuda a combater infecções e bactérias; previne a cárie dentária.
247,8/30/18 7:03,12/6/18 10:01,DDR Primeå¨,"Protects nerves, soothes pain; prevents tooth decay.",0,8,App\Blend,Protege los nervios y alivia el dolor; previene las caries.,"Protege os nervos, acalma a dor; previne a cárie dentária."
248,8/30/18 7:03,12/6/18 10:01,PastTenseå¨,"Reduces tension, inflammation, swelling, and pain in jaw.",0,29,App\Blend,"Reduce la tensión, la inflamación, la hinchazón y el dolor en la mandíbula.","Reduz a tensão, inflamação, inchaço e dor na mandíbula."
250,8/30/18 7:06,12/6/18 14:05,Helichrysum,Reduces pain; accelerates healing; chelates toxins.,0,36,App\Oil,Reduce el dolor; acelera la curación; quelación de toxinas.,Reduz a dor; acelera a cura; quelata toxinas.
252,8/30/18 7:07,12/6/18 14:05,Peppermint,"Reduces inflammation and pain, cools, invigorates, and stimulates.",0,52,App\Oil,"Reduce la inflamación y el dolor, regresca, vigoriza y estimula.","Reduz a inflamação e a dor, esfria, revigora e estimula."
253,8/30/18 7:07,12/6/18 14:05,Ginger,"Invigorates nerves, promotes circulation and healing to bones and muscles.",0,34,App\Oil,"Revitaliza los nervios, promueve la circulación y la curación de los huesos y músculos.","Revigora os nervos, promove a circulação e cura para os ossos e músculos."
254,8/30/18 7:08,12/6/18 14:05,Black Pepper,"Reduces inflammation, relieves pain, increases circulation.",0,14,App\Oil,"Reduce la inflamación, alivia el dolor y aumenta la circulación.","Reduz a inflamação, alivia a dor, aumenta a circulação."
256,8/30/18 7:09,12/6/18 10:01,Deep Blueå¨,Invigorates nerves and reduces inflammation.,0,28,App\Blend,Revitaliza los nervios y reduce la inflamación.,Revigora os nervos e reduz a inflamação.
257,8/30/18 7:09,12/6/18 10:01,DDR Primeå¨,Protects cells against free-radical damage while supporting healthy cellular function and renewal.,0,8,App\Blend,Protege las células contra el daño de los radicales libres mientras fortalece la función celular saludable y la renovación.,"Protege as células contra os danos causados pelos radicais livres, apoiando a função celular e a renovação saudáveis"
258,8/30/18 7:10,12/6/18 10:01,PastTenseå¨,Soothes joints and tissues.,0,29,App\Blend,Alivia el dolor de las articulaciones y los tejidos.,Acalma articulações e tecidos.
259,8/30/18 7:10,12/6/18 10:01,AromaTouchå¨,Stimulates circulation and blood.,0,19,App\Blend,Estimula la circulación y la sangre.,Estimula a circulação e o fluxo sanguíneo.
262,8/30/18 7:25,12/6/18 14:05,Wild Orange,Energizes and lifts mood.,0,65,App\Oil,Energiza y eleva el estado de ánimo.,Energiza e eleva o humor.
263,8/30/18 7:25,12/6/18 14:05,Ginger,Relieves nausea and morning sickness.,0,34,App\Oil,Alivia las nauseas y las náuseas del embarazo.,Alivia náuseas e enjoos matinais.
264,8/30/18 7:26,12/6/18 14:05,Peppermint,Relieves digestive upsets and supports memory.,0,52,App\Oil,Alivia los trastornos digestivos y fortalece la memoria.,Alivia problemas digestivos e auxilia a memória.
265,8/30/18 7:26,12/6/18 10:01,Deep Blueå¨,Soothes aches and pains.,0,28,App\Blend,Alivia dolores y molestias.,Acalma dores.
266,8/30/18 7:26,12/6/18 10:01,PastTenseå¨,Relieves tension.,0,29,App\Blend,Alivia la tensión.,Alivia a tensão.
267,8/30/18 7:27,12/6/18 10:01,Slim & Sassyå¨,Balances glucose levels and metabolism.,0,20,App\Blend,Equilibra los niveles de glucosa y el metabolismo.,Equilibra os níveis de glicose e metabolismo.
268,8/30/18 7:27,12/6/18 10:01,DigestZenå¨,Supports digestion and relieves morning sickness.,0,12,App\Blend,Fortalece la digestión y alivia las náuseas del embarazo.,Auxilia a digestão e alivia o enjoo matinal.
269,8/30/18 7:28,12/6/18 10:01,ClaryCalmå¨,Balances hormones.,0,31,App\Blend,Equilibra las hormonas.,Equilibra os hormônios.
270,8/30/18 7:28,12/6/18 14:05,Clary Sage,Broad-spectrum support to labor process.,0,22,App\Oil,Apoyo de amplio espectro al proceso laboral.,Apoio de amplo espectro ao processo de trabalho de parto.
271,8/30/18 7:29,12/6/18 14:05,Jasmine,Assists with labor and afterbirth.,0,37,App\Oil,Ayuda durante el parto y después del parto.,Auxilia no parto e no pós parto.
272,8/30/18 7:29,12/6/18 14:05,Geranium,"Supports perineum, labor performance, mood and healing.",0,33,App\Oil,"Refuerza el perineo, el trabajo de parto, el estado de ánimo y la curación.","Apoia o períneo, desempenho no trabalho de parto, humor e cura."
274,8/30/18 7:30,12/6/18 14:05,Frankincense,Lessens stress and trauma; promotes healing.,0,32,App\Oil,Disminuye el estrés y el trauma; promueve la curación.,Diminui o estresse e o trauma; promove a cura.
275,8/30/18 7:30,12/6/18 14:05,Basil,Relieves pain; enhances labor performance.,0,11,App\Oil,Alivia el dolor; mejora el trabajo de parto.,Alivia a dor; melhora o desempenho do trabalho de parto.
276,8/30/18 7:31,12/6/18 14:05,Helichrysum,Slows/stops bleeding and promotes healing.,0,36,App\Oil,Disminuye o detiene el sangrado y promueve la curación.,Diminui/interrompe o sangramento e promove a cura.
277,8/30/18 7:31,12/6/18 10:01,Balanceå¨,Improves coping capacity.,0,15,App\Blend,Mejora la capacidad de superación.,Melhora a capacidade de enfrentamento.
278,8/30/18 7:32,12/6/18 10:01,PastTenseå¨,Relieves tension.,0,29,App\Blend,Alivia la tensión.,Alivia a tensão.
279,8/30/18 7:32,12/6/18 10:01,ClaryCalmå¨,Enhances labor performance.,0,31,App\Blend,Mejora el trabajo de parto.,Melhora o desempenho do trabalho de parto.
280,8/30/18 7:33,12/6/18 10:01,Deep Blueå¨,Soothes aches and pains.,0,28,App\Blend,Alivia dolores y molestias.,Acalma dores.
281,8/30/18 7:33,12/6/18 14:05,Fennel,"Promotes milk production; prevents clogged ducts, infection, and thrush.",0,31,App\Oil,"Promueve la producción de leche; previene los conductos obstruidos, la infección y la candidiasis.","Promove a produção de leite; previne dutos entupidos, infecção e aftas."
282,8/30/18 7:34,12/6/18 14:05,Ylang Ylang,Alleviates tender breasts and depression.,0,68,App\Oil,Alivia el dolor de los senos sensibles y la depresión.,Alivia seios sensíveis e depressão.
283,8/30/18 7:37,12/6/18 14:05,Clary Sage,Promotes milk supply and hormone balancing; boosts mood.,0,22,App\Oil,Promueve el suministro de leche y el equilibrio hormonal; aumenta el estado de ánimo.,Promove o fornecimento de leite e o equilíbrio hormonal; melhora o humor.
284,8/30/18 7:38,12/6/18 14:05,Lavender,"Promotes milk production; prevents/heals tender sore breasts, nipples, and clogged milk ducts.",0,39,App\Oil,"Promueve la producción de leche; previene o cura el dolor de los senos adoloridos y tiernos, pezones y conductos de leche obstruidos.","Promove a produção de leite; previne/cicatriza seios doloridos, mamilos e dutos de leite entupidos."
285,8/30/18 7:38,12/6/18 10:01,ClaryCalmå¨,Balances hormones and increases libido.,0,31,App\Blend,Equilibra las hormonas y aumenta la libido.,Equilibra os hormônios e aumenta a libido.
286,8/30/18 7:38,12/6/18 10:01,Elevation‰ã¢,Supports mood and alleviates depression.,0,18,App\Blend,Mejora el estado de ánimo y alivia la depresión.,Auxilia o humor e alivia a depressão.
288,8/30/18 7:44,12/6/18 14:05,Eucalyptus,"Opens airways, supports proper respiratory function.",0,30,App\Oil,Abre las vías respiratorias y promueve la función respiratoria adecuada.,"Abre as vias aéreas, auxilia a função respiratória adequada."
289,8/30/18 7:44,12/6/18 14:05,Peppermint,"Opens airways, expels mucus.",0,52,App\Oil,Abre las vías respiratorias y expulsa el moco.,"Abre as vias aéreas, expele o muco."
290,8/30/18 7:44,12/6/18 14:05,Rosemary,Helps with many different respiratory issues.,0,56,App\Oil,Ayuda con muchos problemas respiratorios diferentes.,Ajuda em muitos problemas respiratórios diferentes.
291,8/30/18 7:45,12/6/18 10:01,Purify,Decongests.,0,9,App\Blend,Descongestiona.,Descongestiona.
292,8/30/18 7:45,12/6/18 10:01,On Guardå¨,"Fights respiratory infections, helps resolve respiratory issues.",0,21,App\Blend,Combate las infecciones respiratorias y ayuda a resolver los problemas respiratorios.,"Combate infecções respiratórias, ajuda a resolver problemas respiratórios."
293,8/30/18 7:46,12/6/18 10:01,Breatheå¨,Addresses a broad spectrum of respiratory issues.,0,25,App\Blend,Combate un amplio espectro de problemas respiratorios.,Aborda um amplo espectro de problemas respiratórios.
295,8/30/18 7:48,12/6/18 14:05,Lemongrass,Enhances connective tissue repair.,0,41,App\Oil,Mejora la reparación del tejido conectivo.,Melhora a reparação do tecido conjuntivo.
296,8/30/18 7:49,12/6/18 14:05,Wintergreen,"Reduces aches, pains, and inflammation; stimulates bone repair.",0,66,App\Oil,"Reduce los dolores, las molestias y la inflamación; estimula la reparación ósea.","Reduz sofrimentos, dores e inflamação; estimula o reparo ósseo."
297,8/30/18 7:49,12/6/18 14:05,Birch,Reduces inflammation and stimulates bone repair.,0,13,App\Oil,Reduce la inflamación y estimula la reparación ósea.,Reduz a inflamação e estimula a reparação óssea.
298,8/30/18 7:49,12/6/18 14:05,Helichrysum,Relieves pain and inflammation; accelerates bone repair.,0,36,App\Oil,Alivia el dolor y la inflamación; acelera la reparación ósea.,Alivia a dor e a inflamação; acelera o reparo ósseo.
299,8/30/18 7:50,12/6/18 14:05,Siberian Fir,Eases bone and joint pain; reduces inflammation.,0,58,App\Oil,Alivia el dolor óseo y articular; reduce la inflamación.,Alivia dores nos ossos e articulações; reduz a inflamação.
300,8/30/18 7:51,12/6/18 10:01,Deep Blueå¨,"Soothes, relaxes, and relieves aches and pains; helps with after injuries/surgery healing.",0,28,App\Blend,"Calma, relaja y alivia los dolores y molestias; ayuda en la curación de las lesiones o cirugía.","Acalma, relaxa e alivia dores e dores; ajuda com após lesões/cirurgia de cura."
301,8/30/18 7:51,12/6/18 10:01,PastTenseå¨,"Helps relieve and resolve tension, soreness, and stiffness.",0,29,App\Blend,"Ayuda a aliviar y resolver la tensión, el dolor y la rigidez.","Ajuda a aliviar e resolver a tensão, a dor e a rigidez."
302,8/30/18 7:51,12/6/18 10:01,DDR Primeå¨,Reduces/resolves inflammation and regenerates tissue.,0,8,App\Blend,Reduce o resuelve la inflamación y regenera el tejido.,Reduz/resolve a inflamação e regenera o tecido.
303,8/30/18 7:55,12/6/18 14:05,Lavender,"Calms, relaxes, and sedates; supports parasympathetic system.",0,39,App\Oil,"Calma, relaja y seda; fortalece el sistema parasimpático.","Acalma, relaxa e tranquiliza; auxilia o sistema parassimpático."
304,8/30/18 7:55,12/6/18 14:05,Vetiver,Grounds and promotes tranquility.,0,64,App\Oil,Centra y promueve la tranquilidad.,Aterra e promove a tranquilidade.
305,8/30/18 7:56,12/6/18 14:05,Roman Chamomile,"Balances hormones; sedates, calms, and relaxes.",0,55,App\Oil,"Equilibra las hormonas; seda, calma y relaja.","Equilibra hormônios; seda, acalma e relaxa."
306,8/30/18 7:56,12/6/18 10:01,Serenityå¨,Calms mind/emotions; promotes relaxation and restful sleep.,0,26,App\Blend,Calma la mente o las emociones; promueve la relajación y el sueño reparador.,Acalma a mente/emoções; promove relaxamento e sono repousante.
307,8/30/18 7:56,12/6/18 10:01,Balanceå¨,Promotes sense of well being and supports autonomic nervous system.,0,15,App\Blend,Promueve la sensación de bienestar y apoya el sistema nervioso autónomo.,Promove a sensação de bem estar e auxilia o sistema nervoso autônomo.
308,8/30/18 7:57,12/6/18 10:01,InTuneå¨,Balances brain activity and calms overstimulation.,0,14,App\Blend,Equilibra la actividad cerebral y calma la sobreestimulación.,Equilibra a atividade cerebral e acalma a super estimulação.
309,8/30/18 7:59,12/6/18 14:05,Lavender,Calms and relieves stress.,0,39,App\Oil,Calma y alivia el estrés.,Acalma e alivia o estresse.
310,8/30/18 8:00,12/6/18 14:05,Roman Chamomile,Calms reduces stress.,0,55,App\Oil,Calma y reduce el estrés.,Acalma e reduz o estresse.
312,8/30/18 8:00,12/6/18 14:05,Frankincense,"Reduces depression, trauma, and tension.",0,32,App\Oil,"Reduce la depresión, el trauma y la tensión.","Reduz a depressão, trauma e tensão."
313,8/30/18 8:01,12/6/18 14:05,Vetiver,Improves focus and sedates.,0,64,App\Oil,Mejora el enfoque y seda.,Melhora o foco e seda.
314,8/30/18 8:02,12/6/18 10:01,Citrus Blisså¨,Energizes while reducing anxiety and depression.,0,17,App\Blend,Energiza mientras reduce la ansiedad y la depresión.,Energiza enquanto reduz a ansiedade e a depressão.
315,8/30/18 8:02,12/6/18 10:01,Balanceå¨,Balances mood while reducing stress and trauma.,0,15,App\Blend,Equilibra el estado de ánimo mientras reduce el estrés y el trauma.,Equilibra humor enquanto reduz estresse e trauma.
317,8/30/18 8:03,12/6/18 10:01,ClaryCalmå¨,Balances hormones and calms anxiety.,0,31,App\Blend,Equilibra las hormonas y calma la ansiedad.,Equilibra os hormônios e acalma a ansiedade.
318,8/30/18 8:06,12/6/18 14:05,Lemon,Helps dissolve stones and acts as diuretic.,0,40,App\Oil,Ayuda a disolver las piedras y actúa como diurético.,Ajuda a dissolver pedras e age como diurético.
319,8/30/18 8:07,12/6/18 14:05,Juniper Berry,Acts as diuretic; tonifies bladder and supports urinary system.,0,38,App\Oil,Actúa como diurético; tonifica la vejiga y fortalece el sistema urinario.,Age como diurético; tonifica a bexiga e suporta o sistema urinário.
320,8/30/18 8:07,12/6/18 14:05,Lemongrass,Decongests urinary tract and fights urinary infections.,0,41,App\Oil,Descongestiona el tracto urinario y combate las infecciones urinarias.,Descongestiona o trato urinário e combate infecções urinárias.
321,8/30/18 8:08,12/6/18 14:05,Cypress,Resolves incontinence and excessive water/fluid retention.,0,27,App\Oil,Resuelve la incontinencia y la retención excesiva de agua o líquidos.,Rsolve incontinência e retenção excessiva de água/líquidos.
322,8/30/18 8:08,12/6/18 14:05,Thyme,Supports healthy prostate and circulation; fights urinary infections.,0,62,App\Oil,Promueve una próstata saludable y refuerza la circulación; combate las infecciones urinarias.,Auxilia a saúde da próstata e circulação; combate infecções urinárias.
323,8/30/18 8:09,12/6/18 14:05,Eucalyptus,"Relieves infection, stones.",0,30,App\Oil,Alivia la infección y elimina las piedras.,"Alivia infecção, pedras."
324,8/30/18 8:09,12/6/18 14:05,Cardamom,Antioxidant and combats infection.,0,16,App\Oil,Antioxidante y combate la infección.,Antioxidante e combate a infecção.
325,8/30/18 8:10,12/6/18 10:01,DDR Primeå¨,Antioxidant; cleanses and disinfects urinary tract.,0,8,App\Blend,Antioxidante; limpia y desinfecta el tracto urinario.,Antioxidante; limpa e desinfecta o trato urinário.
326,8/30/18 8:10,12/6/18 10:01,Zendocrineå¨,Supports proper liver and kidney function.,0,11,App\Blend,Promueve la función hepática y renal adecuada.,Apoia a função hepática e renal adequada.
327,8/30/18 8:10,12/6/18 10:01,Slim & Sassyå¨,Acts as diuretic and detoxifies.,0,20,App\Blend,Actúa como diurético y desintoxica.,Age como diurético e desintoxica.
328,8/30/18 8:11,12/6/18 10:01,On Guardå¨,Promotes blood flow and elimination of waste.,0,21,App\Blend,Promueve el flujo sanguíneo y la eliminación de residuos.,Promove o fluxo sanguíneo e a eliminação de resíduos.
329,8/30/18 8:13,12/6/18 14:05,Grapefruit,"Curbs cravings, reduces appetite, and induces fat burning.",0,35,App\Oil,"Disminuye los antojos, reduce el apetito, e induce la quema de grasa.","Reduz o desejo, reduz o apetite e induz a queima de gordura."
330,8/30/18 8:14,12/6/18 14:05,Peppermint,Enhances sense of fullness; reduces cravings and appetite.,0,52,App\Oil,Mejora la sensación de saciedad; reduce los antojos y el apetito.,Aumenta a sensação de plenitude; reduz desejos e apetite.
331,8/30/18 8:14,12/6/18 14:05,Ginger,Encourages fat burning and promotes satiation.,0,34,App\Oil,Estimula la quema de grasa y promueve la saciedad.,Estimula a queima de gordura e promove a saciedade.
332,8/30/18 8:15,12/6/18 10:01,Slim & Sassyå¨,"Balances metabolism, eliminates cravings, and lifts mood; acts as diuretic.",0,20,App\Blend,"Equilibra el metabolismo, elimina los antojos, y levanta el estado de ánimo; actúa como diurético.","Equilibra o metabolismo, elimina os desejos e eleva o humor; age como diurético."
333,8/30/18 8:15,12/6/18 10:01,Zendocrineå¨,Support body‰Ûªs ability to remove toxins and waste effectively.,0,11,App\Blend,Ayuda a la habilidad del cuerpo de eliminar toxinas y residuos eficazmente.,Auxilia a capacidade do corpo‰Ûª de eliminar toxinas e resíduos de forma eficaz.
334,8/30/18 8:16,12/6/18 10:01,DDR Primeå¨,Improves function of the endocrine system and thyroid.,0,8,App\Blend,Mejora la función del sistema endocrino y la tiroides.,Melhora a função do sistema endócrino e tireoide.
335,8/30/18 8:21,12/6/18 14:05,Geranium,"Supports hormone, emotional balance, and fertility.",0,33,App\Oil,Refuerza el equilibrio de las hormonas y emocional y la fertilidad.,"Auxilio hormonal, equilíbrio emocional e fertilidade."
337,8/30/18 8:22,12/6/18 14:05,Clary Sage,Enhances endocrine system function and balances hormones.,0,22,App\Oil,Refuerza la función del sistema endocrino y equilibra las hormonas.,Melhora a função do sistema endócrino e equilibra os hormônios.
338,8/30/18 8:23,12/6/18 14:05,Grapefruit,Supports healthy progesterone levels and breast health.,0,35,App\Oil,Promueve niveles saludables de progesterona y la salud de los senos.,Auxilia níveis saudáveis de progesterona e saúde da mama.
339,8/30/18 8:23,12/6/18 14:05,Jasmine,"Promotes a healthy uterus, libido.",0,37,App\Oil,Promueve un útero y una libido sanos.,"promove um útero saudável, libido."
340,8/30/18 8:24,12/6/18 14:05,Ginger,Promotes healthy menstruation and libido; relieves cramps.,0,34,App\Oil,Promueve la menstruación sana y la libido; alivia los calambres.,Promove menstruação e libido saudáveis; alivia cólicas.
341,8/30/18 8:24,12/6/18 14:05,Fennel,Supports healthy estrogen levels and supports healthy ovaries.,0,31,App\Oil,Promueve niveles saludables de estrógeno y refuerza los ovarios sanos.,Auxilia níveis saudáveis de estrogênio e auxilia ovários saudáveis.
343,8/30/18 8:25,12/6/18 10:01,Whisperå¨,Stabilizes mood and supports proper endocrine function.,0,46,App\Blend,Estabiliza el estado de ánimo y promueve una función endocrina adecuada.,Estabiliza o humor e auxilia a função endócrina adequada.
344,8/30/18 8:26,12/6/18 10:01,ClaryCalmå¨,Supports monthly cycle.,0,31,App\Blend,Refuerza al ciclo menstrual.,Auxilia o ciclo menstrual.
345,8/30/18 8:27,12/6/18 10:01,Motivateå¨,Supports healthy reproductive function.,0,13,App\Blend,Promueve una función reproductiva saludable.,Auxilia a função reprodutiva saudável.
346,8/31/18 16:14,1/11/19 10:07,Cinnamon,Promotes healthy cellular response to glucose and inflammation.,0,71,App\Oil,Promueve una respuesta celular saludable a la glucosa y la inflamación.,Promove a resposta celular saudável à glicose e inflamação.
347,9/10/18 12:52,12/6/18 14:05,Bone Nutrient Lifetime Complex,NULL,0,3,App\Supplement,NULO,NULL
348,9/10/18 12:52,12/6/18 14:05,Slim & Sassyå¨ Softgels,NULL,0,4,App\Supplement,NULO,NULL
349,9/10/18 12:52,12/6/18 14:05,On Guardå¨ Softgels,NULL,0,5,App\Supplement,NULO,NULL
350,9/10/18 12:52,12/6/18 14:05,DDR Primeå¨ Softgels,NULL,0,16,App\Supplement,NULO,NULL
351,9/10/18 12:52,12/6/18 14:05,Alpha CRSå¨+,NULL,0,17,App\Supplement,NULO,NULL
352,9/10/18 12:52,12/6/18 14:05,a2z Chewable‰ã¢,NULL,0,18,App\Supplement,NULO,NULL
353,9/10/18 12:52,12/6/18 14:05,PB Assistå¨+,NULL,0,19,App\Supplement,NULO,NULL
354,9/10/18 12:52,12/6/18 14:05,Zendocrineå¨ Softgels,NULL,0,20,App\Supplement,NULO,NULL
355,9/10/18 12:52,12/6/18 14:05,Zendocrineå¨ Complex,NULL,0,21,App\Supplement,NULO,NULL
356,9/10/18 12:52,12/6/18 14:05,DigestZenå¨ Softgels,NULL,0,22,App\Supplement,NULO,NULL
358,9/10/18 12:52,12/6/18 14:05,MicroPlex VMz,NULL,0,28,App\Supplement,NULO,NULL
359,9/10/18 12:52,12/6/18 14:05,TerraZymeå¨,NULL,0,29,App\Supplement,NULO,NULL
361,9/10/18 12:52,12/6/18 14:05,GX Assistå¨,NULL,0,32,App\Supplement,NULO,NULL
362,9/10/18 12:52,12/6/18 14:05,IQ Megaå¨,NULL,0,33,App\Supplement,NULO,NULL
363,9/10/18 12:52,12/6/18 14:05,TrimShakeå¨,NULL,0,34,App\Supplement,NULO,NULL
364,9/10/18 12:52,12/6/18 14:05,TrimShakeå¨ Vegan,NULL,0,35,App\Supplement,NULO,NULL
365,9/10/18 12:52,12/6/18 14:05,TriEase Softgels,NULL,0,36,App\Supplement,NULO,NULL
366,9/10/18 12:52,12/6/18 14:05,xEO Megaå¨,NULL,0,37,App\Supplement,NULO,NULL
367,9/10/18 12:52,12/6/18 14:05,Serenity Softgels,NULL,0,38,App\Supplement,NULO,NULL
368,9/10/18 12:52,12/6/18 14:05,vEO Megaå¨,NULL,0,39,App\Supplement,NULO,NULL
369,9/10/18 12:52,12/6/18 14:05,Breathe Respiratory Drops,NULL,0,40,App\Supplement,NULO,NULL
370,9/10/18 12:52,12/6/18 14:05,Phytoestrogen Complex,NULL,0,41,App\Supplement,NULO,NULL
371,9/10/18 12:52,12/6/18 14:05,On Guardå¨ Throat Drops,NULL,0,42,App\Supplement,NULO,NULL
372,9/10/18 12:52,12/6/18 14:05,Deep Blueå¨ Polyhpenol Complex,NULL,0,43,App\Supplement,NULO,NULL
373,11/12/18 17:35,12/6/18 14:05,Pink Pepper,Eliminates and prevents candida yeast and fungus.,0,54,App\Oil,Elimina y previene la levadura Cándida y los hongos.,Elimina e previne a cândida e fungos.
375,11/12/18 17:35,12/6/18 14:05,Black Pepper,Use these oils to support the stomach.,0,14,App\Oil,Utilice estos aceites para reforzar el estómago.,Use esses óleos para auxiliar o estômago.
376,11/12/18 17:35,12/6/18 14:05,Cardamom,Use these oils to support the stomach.,0,16,App\Oil,Utilice estos aceites para reforzar el estómago.,Use esses óleos para auxiliar o estômago.
377,11/12/18 17:35,12/6/18 14:05,Fennel,Use these oils to support the stomach.,0,31,App\Oil,Utilice estos aceites para reforzar el estómago.,Use esses óleos para auxiliar o estômago.
379,11/12/18 17:35,12/6/18 14:05,Basil,Use these oils to support the intestines.,0,11,App\Oil,Utilice estos aceites para reforzar los intestinos.,Use esses óleos para auxiliar os intestinos.
380,11/12/18 17:35,12/6/18 14:05,Cardamom,Use these oils to support the intestines.,0,16,App\Oil,Utilice estos aceites para reforzar los intestinos.,Use esses óleos para auxiliar os intestinos.
381,11/12/18 17:35,12/6/18 14:05,Ginger,Use these oils to support the intestines.,0,34,App\Oil,Utilice estos aceites para reforzar los intestinos.,Use esses óleos para auxiliar os intestinos.
383,11/12/18 17:35,12/6/18 14:05,Basil,Use these oils to support the liver.,0,11,App\Oil,Utilice estos aceites para reforzar el hígado.,Use esses óleos para auxiliar o fígado.
384,11/12/18 17:35,12/6/18 14:05,Cilantro,Use these oils to support the liver.,0,20,App\Oil,Utilice estos aceites para reforzar el hígado.,Use esses óleos para auxiliar o fígado.
385,11/12/18 17:35,12/6/18 14:05,Geranium,Use these oils to support the liver.,0,33,App\Oil,Utilice estos aceites para reforzar el hígado.,Use esses óleos para auxiliar o fígado.
386,11/12/18 17:35,12/6/18 14:05,Grapefruit,Use these oils to support the liver.,0,35,App\Oil,Utilice estos aceites para reforzar el hígado.,Use esses óleos para auxiliar o fígado.
387,11/12/18 17:35,12/6/18 14:05,Helichrysum,Use these oils to support the liver.,0,36,App\Oil,Utilice estos aceites para reforzar el hígado.,Use esses óleos para auxiliar o fígado.
389,11/12/18 17:35,12/6/18 14:05,Geranium,Use these oils to support the gallbladder.,0,33,App\Oil,Utilice estos aceites para reforzar la vesícula biliar.,Use esses óleos para auxiliar a vesícula biliar.
391,11/12/18 17:35,12/6/18 14:05,Dill,Use these oils to support the pancreas.,0,28,App\Oil,Utilice estos aceites para reforzar el páncreas.,Use esses óleos para auxiliar o pâncreas.
392,11/12/18 17:35,12/6/18 14:05,Fennel,Use these oils to support the pancreas.,0,31,App\Oil,Utilice estos aceites para reforzar el páncreas.,Use esses óleos para auxiliar o pâncreas.
393,11/12/18 17:35,12/6/18 14:05,Geranium,Use these oils to support the pancreas.,0,33,App\Oil,Utilice estos aceites para reforzar el páncreas.,Use esses óleos para auxiliar o pâncreas.
394,11/12/18 17:35,12/6/18 14:08,Thyme,Use these oils to support the pancreas.,0,62,App\Oil,Utilice estos aceites para reforzar el páncreas.,Use esses óleos para auxiliar o pâncreas.
395,11/12/18 17:35,12/6/18 14:05,Blue Tansy,For thyroid support.,0,15,App\Oil,Para reforzar la tiroides.,Para o auxílio da tireoide.
396,11/12/18 17:35,12/6/18 14:05,Clove,For thyroid support.,0,24,App\Oil,Para reforzar la tiroides.,Para o auxílio da tireoide.
397,11/12/18 17:35,12/6/18 14:05,Copaiba,Fights bacteria and viruses.,0,25,App\Oil,Combate las bacterias y los virus.,Combate bactérias e vírus.
398,11/12/18 17:35,12/6/18 14:10,Thyme,Fights bacteria and viruses.,0,62,App\Oil,Combate las bacterias y los virus.,Combate bactérias e vírus.
399,11/12/18 17:35,12/6/18 14:05,Jasmine,"Enhances mood and libido, euphoric.",0,37,App\Oil,"Mejora el estado de ánimo y la libido, es eufórico.","Melhora o humor e a libido, eufórico."
401,11/12/18 17:35,12/6/18 14:05,Blue Tansy,Use the recommended oil to establish an unfriendly environment for parasites and encourage elimination..,0,15,App\Oil,Utilice el aceite recomendado para establecer un ambiente hostil para los parásitos y alentar la eliminación..,Use o óleo recomendado para estabelecer um ambiente hostil para parasitas e incentivar a eliminação.
402,11/12/18 17:35,12/6/18 14:05,Clove,Use the recommended oil to establish an unfriendly environment for parasites and encourage elimination..,0,24,App\Oil,Utilice el aceite recomendado para establecer un ambiente hostil para los parásitos y alentar la eliminación..,Use o óleo recomendado para estabelecer um ambiente hostil para parasitas e incentivar a eliminação.
403,11/12/18 17:35,12/6/18 14:05,Lemongrass,Use the recommended oil to establish an unfriendly environment for parasites and encourage elimination..,0,41,App\Oil,Utilice el aceite recomendado para establecer un ambiente hostil para los parásitos y alentar la eliminación..,Use o óleo recomendado para estabelecer um ambiente hostil para parasitas e incentivar a eliminação.
404,11/12/18 17:35,12/6/18 14:05,Oregano,Use the recommended oil to establish an unfriendly environment for parasites and encourage elimination..,0,50,App\Oil,Utilice el aceite recomendado para establecer un ambiente hostil para los parásitos y alentar la eliminación..,Use o óleo recomendado para estabelecer um ambiente hostil para parasitas e incentivar a eliminação.
405,11/12/18 17:35,12/6/18 14:05,Roman Chamomile,Use the recommended oil to establish an unfriendly environment for parasites and encourage elimination..,0,55,App\Oil,Utilice el aceite recomendado para establecer un ambiente hostil para los parásitos y alentar la eliminación..,Use o óleo recomendado para estabelecer um ambiente hostil para parasitas e incentivar a eliminação.
407,11/12/18 17:35,12/6/18 11:08,DDR Primeå¨,Use recommended blends to establish an unfriendly environment for parasites and encourage elimination..,0,8,App\Blend,Utilice las mezclas recomendadas para establecer un ambiente hostil para los parásitos y alentar la eliminación..,Use os mix recomendados para estabelecer um ambiente hostil para parasitas e incentivar a eliminação.
408,11/12/18 17:35,12/6/18 11:08,Purify,Use recommended blends to establish an unfriendly environment for parasites and encourage elimination..,0,9,App\Blend,Utilice las mezclas recomendadas para establecer un ambiente hostil para los parásitos y alentar la eliminación..,Use os mix recomendados para estabelecer um ambiente hostil para parasitas e incentivar a eliminação.
409,11/12/18 17:35,12/6/18 11:08,Zendocrineå¨,Use recommended blends to establish an unfriendly environment for parasites and encourage elimination..,0,11,App\Blend,Utilice las mezclas recomendadas para establecer un ambiente hostil para los parásitos y alentar la eliminación..,Use os mix recomendados para estabelecer um ambiente hostil para parasitas e incentivar a eliminação.
410,11/12/18 17:35,12/6/18 10:01,ZenGestå¨,Use recommended blends to establish an unfriendly environment for parasites and encourage elimination..,0,0,App\Blend,Utilice las mezclas recomendadas para establecer un ambiente hostil para los parásitos y alentar la eliminación..,Use os mix recomendados para estabelecer um ambiente hostil para parasitas e incentivar a eliminação.
412,11/12/18 17:37,12/6/18 14:05,Copaiba,Boosts dopamine levels.,0,25,App\Oil,Aumenta los niveles de dopamina.,Aumentam os níveis de dopamina.
413,11/12/18 17:37,12/6/18 14:05,Helichrysum,Boosts dopamine levels.,0,36,App\Oil,Aumenta los niveles de dopamina.,Aumentam os níveis de dopamina.
414,11/12/18 17:37,12/6/18 14:05,Basil,Reduces inflammatory response and supports adrenal glands.,0,11,App\Oil,Reduce la respuesta inflamatoria y refuerza las glándulas suprarrenales.,Reduz a resposta inflamatória e auxilia as glândulas supra-renais.
415,11/12/18 17:37,12/6/18 14:05,Rosemary,Reduces inflammatory response and supports adrenal glands.,0,56,App\Oil,Reduce la respuesta inflamatoria y refuerza las glándulas suprarrenales.,Reduz a resposta inflamatória e auxilia as glândulas supra-renais.
416,11/12/18 17:37,12/6/18 14:05,Blue Tansy,Acts as an antihistamine and calms irritation.,0,15,App\Oil,Actúa como un antihistamínico y calma la irritación.,Age como um anti-histamínico e acalma a irritação.
417,11/12/18 17:37,12/6/18 14:05,Lavender,Acts as an antihistamine and calms irritation.,0,39,App\Oil,Actúa como un antihistamínico y calma la irritación.,Age como um anti-histamínico e acalma a irritação.
418,11/12/18 17:37,12/6/18 11:09,AromaTouchå¨,Post-exercise recovery.,0,19,App\Blend,Ayuda en la recuperación posterior al ejercicio.,Recuperação pós-exercício.
419,11/12/18 17:37,12/6/18 11:09,Deep Blueå¨,Post-exercise recovery.,0,28,App\Blend,Ayuda en la recuperación posterior al ejercicio.,Recuperação pós-exercício.
420,11/12/18 17:37,12/6/18 14:05,Arborvitae,"Calms, stimulates, and protects brain.",0,10,App\Oil,"Calma, estimula y protege el cerebro.","Acalma, estimula e protege o cérebro."
421,11/12/18 17:37,12/6/18 14:05,Cedarwood,"Calms, stimulates, and protects brain.",0,70,App\Oil,"Calma, estimula y protege el cerebro.","Acalma, estimula e protege o cérebro."
422,11/12/18 17:37,12/6/18 14:05,Clove,Provides brain protective antioxidants.,0,24,App\Oil,Proporciona antioxidantes que protegen el cerebro.,Fornece antioxidantes protetores cerebrais.
423,11/12/18 17:37,12/6/18 14:05,Thyme,Provides brain protective antioxidants.,0,62,App\Oil,Proporciona antioxidantes que protegen el cerebro.,Fornece antioxidantes protetores cerebrais.
424,11/12/18 17:37,12/6/18 14:05,Helichrysum,Repairs damaged blood vessels; stops bleeding.,0,36,App\Oil,Repara los vasos sanguíneos dañados; detiene el sangrado.,Repara vasos sanguíneos danificados; para o sangramento.
425,11/12/18 17:37,12/6/18 14:05,Yarrow,Repairs damaged blood vessels; stops bleeding.,0,67,App\Oil,Repara los vasos sanguíneos dañados; detiene el sangrado.,Repara vasos sanguíneos danificados; para o sangramento.
426,11/12/18 17:37,12/6/18 14:05,Frankincense,Promotes healthy apoptosis and cellular health.,0,32,App\Oil,Promueve una apoptosis saludable y la salud celular.,Promove a apoptose saudável e a saúde celular.
427,11/12/18 17:37,12/6/18 14:05,Sandalwood,Promotes healthy apoptosis and cellular health.,0,57,App\Oil,Promueve una apoptosis saludable y la salud celular.,Promove a apoptose saudável e a saúde celular.
428,11/12/18 17:37,12/6/18 11:05,Brave‰ã¢,Soothe and encourage.,0,36,App\Blend,Alivia y estimula.,Acalma e encoraja.
429,11/12/18 17:37,12/6/18 11:08,Rescuer‰ã¢,Soothe and encourage.,0,41,App\Blend,Alivia y estimula.,Acalma e encoraja.
430,11/12/18 17:37,12/6/18 14:05,Grapefruit,Use these oils to stomach/intestinal lining support.,0,35,App\Oil,Utilice estos aceites para reforzar el revestimiento del estómago o del intestino.,Use esses óleos auxilio do estômago/revestimento intestinal.
431,11/12/18 17:37,12/6/18 14:05,Peppermint,Use these oils to stomach/intestinal lining support.,0,52,App\Oil,Utilice estos aceites para reforzar el revestimiento del estómago o del intestino.,Use esses óleos auxilio do estômago/revestimento intestinal.
432,11/12/18 17:37,12/6/18 14:05,Frankincense,"For pineal, pituitary, and hypothalamus support.",0,32,App\Oil,"Para reforzar la glándula pineal, la pituitaria y el hipotálamo.","Para suporte da pineal, hipófise e hipotálamo."
433,11/12/18 17:37,12/6/18 14:05,Sandalwood,"For pineal, pituitary, and hypothalamus support.",0,57,App\Oil,"Para reforzar la glándula pineal, la pituitaria y el hipotálamo.","Para suporte da pineal, hipófise e hipotálamo."
434,11/12/18 17:37,12/6/18 14:05,Geranium,Hormone/glandular and adrenal support.,0,33,App\Oil,Refuerzo hormonal o glandular y suprarrenal.,Auxilio hormonal/glandular e adrenal.
435,11/12/18 17:37,12/6/18 14:05,Ylang Ylang,Hormone/glandular and adrenal support.,0,68,App\Oil,Refuerzo hormonal o glandular y suprarrenal.,Auxilio hormonal/glandular e adrenal.
436,11/12/18 17:37,12/6/18 14:05,Helichrysum,"Stop bleeding; wound repair/healing, powerful pain reliever.",0,36,App\Oil,"Detiene el sangrado; ayuda a reparar o cicatrizar las heridas, potente analgésico.","Parar o sangramento; reparação/cicatrização de feridas, poderoso analgésico."
437,11/12/18 17:37,12/6/18 14:05,Yarrow,"Stop bleeding; wound repair/healing, powerful pain reliever.",0,67,App\Oil,"Detiene el sangrado; ayuda a reparar o cicatrizar las heridas, potente analgésico.","Parar o sangramento; reparação/cicatrização de feridas, poderoso analgésico."
438,11/12/18 17:37,12/6/18 14:05,Blue Tansy,"Antihistamine activity; wound, burn care, shock treatment; bite/sting recovery.",0,15,App\Oil,"Antihistamínico; cuidado de heridas, quemaduras, tratamiento de shock; ayuda en la recuperación de mordeduras o picaduras.","Atividade anti-histamínica; tratamento de feridas, queimaduras, choque; recuperação de mordidas/picadas."
439,11/12/18 17:37,12/6/18 14:05,Lavender,"Antihistamine activity; wound, burn care, shock treatment; bite/sting recovery.",0,39,App\Oil,"Antihistamínico; cuidado de heridas, quemaduras, tratamiento de shock; ayuda en la recuperación de mordeduras o picaduras.","Atividade anti-histamínica; tratamento de feridas, queimaduras, choque; recuperação de mordidas/picadas."
440,11/12/18 17:37,12/6/18 14:05,Black Pepper,Supports digestion and boosts immunity.,0,14,App\Oil,Fortalece la digestión y el sistema inmunitario.,Auxilia a digestão e aumenta a imunidade.
441,11/12/18 17:37,12/6/18 14:05,Pink Pepper,Supports digestion and boosts immunity.,0,54,App\Oil,Fortalece la digestión y el sistema inmunitario.,Auxilia a digestão e aumenta a imunidade.
442,11/12/18 17:37,12/6/18 14:05,Bergamot,Balances hormones and enhances libido.,0,12,App\Oil,Equilibra las hormonas y aumenta la libido.,"Equilibra os hormônios, aumenta a libido."
443,11/12/18 17:37,12/6/18 14:05,Pink Pepper,Balances hormones and enhances libido.,0,54,App\Oil,Equilibra las hormonas y aumenta la libido.,"Equilibra os hormônios, aumenta a libido."
444,11/12/18 17:37,12/6/18 14:05,Tangerine,Melts away anxiousness and energizes.,0,61,App\Oil,Elimina la ansiedad y energiza.,Dissipa a ansiedade e energiza.
445,11/12/18 17:37,12/6/18 14:05,Wild Orange,Melts away anxiousness and energizes.,0,65,App\Oil,Elimina la ansiedad y energiza.,Dissipa a ansiedade e energiza.
446,11/12/18 17:37,12/6/18 14:05,Magnolia,Calms and sedates.,0,43,App\Oil,Tranquiliza y seda.,Acalma e tranquiliza.
447,11/12/18 17:37,12/6/18 14:05,Neroli,Calms and sedates.,0,49,App\Oil,Tranquiliza y seda.,Acalma e tranquiliza.
448,11/12/18 17:37,12/6/18 14:05,Ginger,Reduces spasms and muscle aches and pain.,0,34,App\Oil,Reduce los espasmos y los dolores y molestias musculares.,Reduz espasmos e dores musculares.
449,11/12/18 17:37,12/6/18 14:05,Turmeric,Reduces spasms and muscle aches and pain.,0,63,App\Oil,Reduce los espasmos y los dolores y molestias musculares.,Reduz espasmos e dores musculares.
450,11/12/18 17:37,12/6/18 14:05,Magnolia,Calms and sedates.,0,43,App\Oil,Tranquiliza y seda.,Acalma e tranquiliza.
451,11/12/18 17:37,12/6/18 14:05,Neroli,Calms and sedates.,0,49,App\Oil,Tranquiliza y seda.,Acalma e tranquiliza.
452,11/12/18 17:37,12/6/18 14:05,Copaiba,Relieves pain and inflammation.,0,25,App\Oil,Alivia el dolor y la inflamación.,Alivia a dor e a inflamação.
453,11/12/18 17:37,12/6/18 14:05,Turmeric,Relieves pain and inflammation.,0,63,App\Oil,Alivia el dolor y la inflamación.,Alivia a dor e a inflamação.
454,11/12/18 17:37,12/6/18 14:05,Birch,"Soothes aches and pain, warms; has a cortisone-like effect; supports bone healing.",0,13,App\Oil,"Alivia dolores y molestias, calienta; tiene un efecto similar a la cortisona; apoya la cicatrización ósea.","Alivia dores, aquece; tem um efeito semelhante à cortisona; auxilia a cicatrização óssea."
455,11/12/18 17:37,12/6/18 14:05,Wintergreen,"Soothes aches and pain, warms; has a cortisone-like effect; supports bone healing.",0,66,App\Oil,"Alivia dolores y molestias, calienta; tiene un efecto similar a la cortisona; apoya la cicatrización ósea.","Alivia dores, aquece; tem um efeito semelhante à cortisona; auxilia a cicatrização óssea."
456,11/12/18 17:37,12/6/18 14:05,Basil,"Calms nerves, improves circulation and healing; steroidal action.",0,11,App\Oil,"Tranquiliza los nervios, mejora la circulación y la cicatrización; acción esteroidea.","Acalma os nervos, melhora a circulação e a cura; ação esteroide."
457,11/12/18 17:37,12/6/18 14:05,Rosemary,"Calms nerves, improves circulation and healing; steroidal action.",0,56,App\Oil,"Tranquiliza los nervios, mejora la circulación y la cicatrización; acción esteroidea.","Acalma os nervos, melhora a circulação e a cura; ação esteroide."
458,11/12/18 17:37,12/6/18 14:05,Lavender,Calms and soothes mood and tissues.,0,39,App\Oil,Tranquiliza y calma el estado de ánimo y los tejidos.,Acalma e suaviza o humor e os tecidos.
459,11/12/18 17:37,12/6/18 14:05,Neroli,Calms and soothes mood and tissues.,0,49,App\Oil,Tranquiliza y calma el estado de ánimo y los tejidos.,Acalma e suaviza o humor e os tecidos.
460,11/12/18 17:37,12/6/18 14:05,Black Pepper,Reduces inflammation and mucus.,0,14,App\Oil,Reduce la inflamación y el moco.,Reduz a inflamação e o muco.
461,11/12/18 17:37,12/6/18 14:05,Pink Pepper,Reduces inflammation and mucus.,0,54,App\Oil,Reduce la inflamación y el moco.,Reduz a inflamação e o muco.
462,11/12/18 17:37,12/6/18 14:05,Copaiba,Relieves pain and inflammation.,0,25,App\Oil,Alivia el dolor y la inflamación.,Alivia a dor e a inflamação.
463,11/12/18 17:37,12/6/18 14:05,Turmeric,Relieves pain and inflammation.,0,63,App\Oil,Alivia el dolor y la inflamación.,Alivia a dor e a inflamação.
464,11/12/18 17:37,12/6/18 14:05,Tangerine,Energizes while reducing anxiety and depression.,0,61,App\Oil,Energiza mientras reduce la ansiedad y la depresión.,Energiza enquanto reduz a ansiedade e a depressão.
465,11/12/18 17:37,12/6/18 14:05,Wild Orange,Energizes while reducing anxiety and depression.,0,65,App\Oil,Energiza mientras reduce la ansiedad y la depresión.,Energiza enquanto reduz a ansiedade e a depressão.
466,11/12/18 17:37,12/6/18 11:09,Serenityå¨,Reduces anxiety and stress.,0,26,App\Blend,Reduce la ansiedad y el estrés.,Reduz a ansiedade e o estresse.
467,11/12/18 17:37,12/6/18 11:09,PastTenseå¨,Reduces anxiety and stress.,0,29,App\Blend,Reduce la ansiedad y el estrés.,Reduz a ansiedade e o estresse.
468,11/12/18 17:37,12/6/18 14:05,Neroli,Promotes healthy libido; relaxes.,0,49,App\Oil,"Promueve una libido saludable, relaja.",Promove a libido saudável; relaxa.
469,11/12/18 17:37,12/6/18 14:05,Ylang Ylang,Promotes healthy libido; relaxes.,0,68,App\Oil,"Promueve una libido saludable, relaja.",Promove a libido saudável; relaxa.
470,11/12/18 17:37,12/6/18 14:05,Oregano,Supports healthy progesterone levels.,0,50,App\Oil,Promueve niveles saludables de progesterona.,Auxilia níveis saudáveis de progesterona.
471,11/12/18 17:37,12/6/18 14:05,Thyme,Supports healthy progesterone levels.,0,62,App\Oil,Promueve niveles saludables de progesterona.,Auxilia níveis saudáveis de progesterona.
472,11/12/18 17:37,12/6/18 14:05,Mito2Maxå¨,NULL,0,23,App\Supplement,NULO,NULL
473,11/12/18 17:37,12/6/18 14:05,Mito2Maxå¨,NULL,0,23,App\Supplement,NULO,NULL
474,11/12/18 17:37,12/6/18 14:05,TerraGreenså¨,NULL,0,31,App\Supplement,NULO,NULL
475,11/12/18 17:37,12/6/18 14:05,TerraGreenså¨,NULL,0,31,App\Supplement,NULO,NULL
476,11/12/18 17:37,12/6/18 14:05,Thyme,Eliminates and prevents candida yeast and fungus.,0,62,App\Oil,Elimina y previene la levadura Cándida y los hongos.,Elimina e previne a cândida e fungos.
477,11/12/18 17:37,12/6/18 14:05,Turmeric,Eliminates and prevents candida yeast and fungus.,0,63,App\Oil,Elimina y previene la levadura Cándida y los hongos.,Elimina e previne a cândida e fungos.
478,11/12/18 17:37,12/6/18 14:05,Ginger,Use these oils to support the stomach.,0,34,App\Oil,Utilice estos aceites para reforzar el estómago.,Use esses óleos para auxiliar o estômago.
479,11/12/18 17:37,12/6/18 14:05,Wild Orange,Use these oils to support the stomach.,0,65,App\Oil,Utilice estos aceites para reforzar el estómago.,Use esses óleos para auxiliar o estômago.
480,11/12/18 17:37,12/6/18 14:05,Marjoram,Use these oils to support the intestines.,0,44,App\Oil,Utilice estos aceites para reforzar los intestinos.,Use esses óleos para auxiliar os intestinos.
481,11/12/18 17:37,12/6/18 14:05,Peppermint,Use these oils to support the intestines.,0,52,App\Oil,Utilice estos aceites para reforzar los intestinos.,Use esses óleos para auxiliar os intestinos.
482,11/12/18 17:37,12/6/18 14:05,Lemon,Use these oils to support the liver.,0,40,App\Oil,Utilice estos aceites para reforzar el hígado.,Use esses óleos para auxiliar o fígado.
483,11/12/18 17:37,12/6/18 14:05,Rosemary,Use these oils to support the liver.,0,56,App\Oil,Utilice estos aceites para reforzar el hígado.,Use esses óleos para auxiliar o fígado.
484,11/12/18 17:37,12/6/18 14:05,Grapefruit,Use these oils to support the gallbladder.,0,35,App\Oil,Utilice estos aceites para reforzar la vesícula biliar.,Use esses óleos para auxiliar a vesícula biliar.
485,11/12/18 17:37,12/6/18 14:05,Turmeric,Use these oils to support the gallbladder.,0,63,App\Oil,Utilice estos aceites para reforzar la vesícula biliar.,Use esses óleos para auxiliar a vesícula biliar.
486,11/12/18 17:37,12/6/18 14:05,Magnolia,"Enhances mood and libido, euphoric.",0,43,App\Oil,"Mejora el estado de ánimo y la libido, es eufórico.","Melhora o humor e a libido, eufórico."
487,11/12/18 17:37,12/6/18 14:05,Neroli,"Enhances mood and libido, euphoric.",0,49,App\Oil,"Mejora el estado de ánimo y la libido, es eufórico.","Melhora o humor e a libido, eufórico."
488,11/12/18 17:37,12/6/18 14:05,Thyme,Use the recommended oil to establish an unfriendly environment for parasites and encourage elimination..,0,62,App\Oil,Utilice el aceite recomendado para establecer un ambiente hostil para los parásitos y alentar la eliminación..,Use o óleo recomendado para estabelecer um ambiente hostil para parasitas e incentivar a eliminação.
489,11/12/18 17:37,12/6/18 14:05,Turmeric,Use the recommended oil to establish an unfriendly environment for parasites and encourage elimination..,0,63,App\Oil,Utilice el aceite recomendado para establecer un ambiente hostil para los parásitos y alentar la eliminación..,Use o óleo recomendado para estabelecer um ambiente hostil para parasitas e incentivar a eliminação.
490,11/12/18 17:37,12/6/18 11:08,On Guardå¨,Use recommended blends to establish an unfriendly environment for parasites and encourage elimination..,0,21,App\Blend,Utilice las mezclas recomendadas para establecer un ambiente hostil para los parásitos y alentar la eliminación..,Use os mix recomendados para estabelecer um ambiente hostil para parasitas e incentivar a eliminação.
491,11/12/18 17:37,12/6/18 13:58,HD Clearå¨,Use recommended blends to establish an unfriendly environment for parasites and encourage elimination.,0,27,App\Blend,Utilice las mezclas recomendadas para establecer un ambiente hostil para los parásitos y alentar la eliminación.,Use os mix recomendados para estabelecer um ambiente hostil para parasitas e incentivar a eliminação.
492,12/6/18 14:02,12/6/18 14:05,Lemongrass,For thyroid support.,0,41,App\Oil,Para reforzar la tiroides.,Para o auxílio da tireoide.
493,12/6/18 14:07,12/6/18 14:08,Ginger,Use these oils to support the pancreas.,0,34,App\Oil,Utilice estos aceites para reforzar el páncreas.,Use esses óleos para auxiliar o pâncreas.
494,12/6/18 14:09,12/6/18 14:10,Melaleuca,Fights bacteria and viruses.,0,45,App\Oil,Combate las bacterias y los virus.,Combate bactérias e vírus.
495,12/6/18 14:10,12/6/18 14:11,Wild Orange,Encourages healthy dna and optimal glutathione levels.,0,65,App\Oil,Promueve el ADN saludable y los niveles óptimos de glutatión.,Estimula o DNA saudável e os níveis excelentes de glutationa.
496,12/6/18 14:12,12/6/18 14:15,Yarrow,Supports the cell in eliminating harmful toxins.,0,67,App\Oil,Refuerza a las células en la eliminación de toxinas dañinas.,Auxilia a célula na eliminação de toxinas prejudiciais.